company_phone,company_name
029-86524881,陕西金龙护卫有限公司
0477-8240254,神华神东房地产开发有限公司
0911-3338331,延安华耀新材料能源科技有限责任公司
,陕西福恒苑房地产开发有限公司
,延安聚瑞石油化工有限公司
029-87852483,西安熠佳实业有限公司
029-89080250,西安兴航航空仿真科技有限公司
0916-7206043,陕西燎原液压股份有限公司
029-88333333,西安紫云环保科技集团有限公司
029-32874767,中铁二十一局集团第三工程有限公司
company_phone,company_name
,陕西福恒苑房地产开发有限公司
029-32917637,陕西成酊昊建设工程有限公司
13991725038,陕西文龙生态园林工程有限公司
0914-4325553,柞水新田农产品包装有限公司
18802983616,陕西中佰森蚁企业管理有限公司
13325466840,陕西西域盛鑫新能源开发有限公司
company_phone,company_name
029-83399072,陕西华洲置业发展有限公司
13060424567,陕西车联汽车信息科技有限公司
15911159776,西安东集企业文化传播有限公司
13992291322,府谷县路顺商贸有限责任公司
0477-8240254,神华神东房地产开发有限公司
029-68693668,陕西省草滩苗圃
,陕西福恒苑房地产开发有限公司
13084848623,子洲县昌顺苗圃绿化有限责任公司
,西安市汉城路苗圃
029-84686803,西安市二府庄苗圃
18802983616,陕西中佰森蚁企业管理有限公司
13325466840,陕西西域盛鑫新能源开发有限公司
0912-36833000,陕西大德华辉工贸有限公司
029-84999388,西安市鄠邑区园艺绿化中心苗圃
029-32917637,陕西成酊昊建设工程有限公司
13991725038,陕西文龙生态园林工程有限公司
0914-4325553,柞水新田农产品包装有限公司
18229086949,西安航玮航空电磁科技有限公司
