name,img_url
小炳哥哥,https://pic.qiushibaike.com/system/avtnew/4135/41350682/thumb/20190412154030.jpg?imageView2/1/w/90/h/90
挖鼻孔的老虎,https://pic.qiushibaike.com/system/avtnew/1722/17221979/thumb/20180524141023.JPEG?imageView2/1/w/90/h/90
醉酒舞剑砍疯子.,https://pic.qiushibaike.com/system/avtnew/2470/24703920/thumb/20181211204054.jpg?imageView2/1/w/90/h/90
宁轩辕,https://pic.qiushibaike.com/system/avtnew/4097/40973570/thumb/20190323110846.jpg?imageView2/1/w/90/h/90
哎呦。这SB好正点,https://pic.qiushibaike.com/system/avtnew/889/8891942/thumb/20141227122403.jpg?imageView2/1/w/90/h/90
老李家掌柜的,https://pic.qiushibaike.com/system/avtnew/3422/34228569/thumb/20181209163516.jpg?imageView2/1/w/90/h/90
义行天下7,https://pic.qiushibaike.com/system/avtnew/3803/38031580/thumb/20180727195920.jpg?imageView2/1/w/90/h/90
行尸无为,https://pic.qiushibaike.com/system/avtnew/3100/31009050/thumb/20160122204121.jpg?imageView2/1/w/90/h/90
醉酒提剑捉泥鳅,https://pic.qiushibaike.com/system/avtnew/3367/33671949/thumb/20190327014415.jpg?imageView2/1/w/90/h/90
小丫儿Ж,https://pic.qiushibaike.com/system/avtnew/2104/21044463/thumb/20150504075247.jpg?imageView2/1/w/90/h/90
大小可爱爱爱,https://pic.qiushibaike.com/system/avtnew/3950/39500693/thumb/20190413211858.jpg?imageView2/1/w/90/h/90
谈恋爱的火龙果,https://pic.qiushibaike.com/system/avtnew/3870/38703768/thumb/20190409090527.jpg?imageView2/1/w/90/h/90
摄影师司马,https://pic.qiushibaike.com/system/avtnew/3432/34326387/thumb/201708251854507.JPEG?imageView2/1/w/90/h/90
吃了两碗又盛,https://pic.qiushibaike.com/system/avtnew/3221/32215536/thumb/20181122212921.jpg?imageView2/1/w/90/h/90
青青子衿忧我心,https://pic.qiushibaike.com/system/avtnew/3137/31370749/thumb/20190407230918.jpg?imageView2/1/w/90/h/90
leo咫尺天涯,https://pic.qiushibaike.com/system/avtnew/3347/33472521/thumb/20171026052834.JPEG?imageView2/1/w/90/h/90
爱泡泡的｜胡子哥,https://pic.qiushibaike.com/system/avtnew/1616/16168389/thumb/20190302140206.jpg?imageView2/1/w/90/h/90
tonoon,https://pic.qiushibaike.com/system/avtnew/3183/31839879/thumb/20160525154937.jpg?imageView2/1/w/90/h/90
飘飘飞飞,https://pic.qiushibaike.com/system/avtnew/1208/12083102/thumb/default_avatar.jpg?imageView2/1/w/90/h/90
王飞王飞王飞,https://pic.qiushibaike.com/system/avtnew/846/8463001/thumb/20160508103239.jpg?imageView2/1/w/90/h/90
傻晴°,https://pic.qiushibaike.com/system/avtnew/2333/23331917/thumb/20190412233104.jpg?imageView2/1/w/90/h/90
爱小北的诺诺·i,https://pic.qiushibaike.com/system/avtnew/3435/34350130/thumb/20190417170337.jpg?imageView2/1/w/90/h/90
晴～风,https://pic.qiushibaike.com/system/avtnew/3522/35225229/thumb/20181128084118.jpg?imageView2/1/w/90/h/90
