name,info_url,img_url
大连艺术学院校花尕可,http://www.521609.com/daxuexiaohua/10538.html,http://www.521609.com/uploads/allimg/111021/1091923P95-1-lp.jpg
海南经济学院苏苏,http://www.521609.com/daxuexiaohua/10537.html,http://www.521609.com/uploads/allimg/111020/11329353c0-1-lp.jpg
中原文化艺术学院美女李明,http://www.521609.com/daxuexiaohua/10533.html,http://www.521609.com/uploads/allimg/111018/1101S02400-1-lp.jpg
浙江传媒学院美女白雪莹,http://www.521609.com/daxuexiaohua/10529.html,http://www.521609.com/uploads/allimg/111016/101214641b-1-lp.jpg
山东理工大学校花刘婷,http://www.521609.com/daxuexiaohua/10489.html,http://www.521609.com/uploads/allimg/110927/110434545I-1-lp.jpg
华东交通大学理工学院狄文,http://www.521609.com/daxuexiaohua/10486.html,http://www.521609.com/uploads/allimg/110923/1112PM335-4.jpg
南京视觉艺术学院校花刘畅,http://www.521609.com/daxuexiaohua/10459.html,http://www.521609.com/uploads/allimg/110911/1214605S96-1-lp.jpg
广西大学校花冯文杰,http://www.521609.com/daxuexiaohua/10449.html,http://www.521609.com/uploads/allimg/110903/1124551Z92-1-lp.jpg
北京大学物理系小薰,http://www.521609.com/daxuexiaohua/10398.html,http://www.521609.com/uploads/allimg/110829/114544KZ7-1-lp.jpg
中国传媒大学校花郑洢潇,http://www.521609.com/daxuexiaohua/10400.html,http://www.521609.com/uploads/allimg/110830/11542493P5-1-lp.jpg
大连工大校花李雪,http://www.521609.com/daxuexiaohua/10392.html,http://www.521609.com/uploads/allimg/110824/11634514R1-1-lp.jpg
湖南艺术学院夏爱熙,http://www.521609.com/daxuexiaohua/10386.html,http://www.521609.com/uploads/allimg/110822/1101F33115-1-lp.jpg
山西大同大学王雅蓉,http://www.521609.com/daxuexiaohua/10315.html,http://www.521609.com/uploads/allimg/110810/11003323958-1-lp.jpg
厦门大学校花苏小乐,http://www.521609.com/daxuexiaohua/10235.html,http://www.521609.com/uploads/allimg/110803/102493211P-1-lp.jpg
中南民族大学校花王清君,http://www.521609.com/daxuexiaohua/10180.html,http://www.521609.com/uploads/allimg/110730/1104UX5Z-1-lp.jpg
吉林农大校花孙婷,http://www.521609.com/daxuexiaohua/10083.html,http://www.521609.com/uploads/allimg/110723/1124200N31-1-lp.jpg
天津师范大学校花郭小美,http://www.521609.com/daxuexiaohua/10071.html,http://www.521609.com/uploads/allimg/110719/1110032X31-1-lp.jpg
天津音乐学院韩诗颖,http://www.521609.com/daxuexiaohua/10065.html,http://www.521609.com/uploads/allimg/110718/11003341417-1-lp.jpg
江南大学杜文慧,http://www.521609.com/daxuexiaohua/10046.html,http://www.521609.com/uploads/allimg/110712/110064062M-1-lp.jpg
北京工商大学校花高锦卿,http://www.521609.com/daxuexiaohua/9844.html,http://www.521609.com/uploads/allimg/110701/102102H5G-1-lp.jpg
吉林大学于桐研,http://www.521609.com/daxuexiaohua/9823.html,http://www.521609.com/uploads/allimg/110630/10Z142aR-1-lp.jpg
上海师范大学何丹丹,http://www.521609.com/daxuexiaohua/9816.html,http://www.521609.com/uploads/allimg/110629/1095410S39-1.jpg
山西音乐学院杜尐芙,http://www.521609.com/daxuexiaohua/9685.html,http://www.521609.com/uploads/allimg/110623/1091ZX1R-1-lp.jpg
南昌大学校花曹丽君,http://www.521609.com/daxuexiaohua/9633.html,http://www.521609.com/uploads/allimg/110621/10UA03136-1-lp.jpg
广东海洋大学管慧,http://www.521609.com/daxuexiaohua/9629.html,http://www.521609.com/uploads/allimg/110620/1095S45454-1-lp.jpg
安徽大学乔可薇,http://www.521609.com/daxuexiaohua/9617.html,http://www.521609.com/uploads/allimg/110617/10Q5305602-1-lp.jpg
淮北师范大学孙煜喧,http://www.521609.com/daxuexiaohua/9544.html,http://www.521609.com/uploads/allimg/110614/10134393F1-1-lp.jpg
湖北师范学院倩倩,http://www.521609.com/daxuexiaohua/9442.html,http://www.521609.com/uploads/allimg/110608/10U91C037-1.jpg
福建农林大学俞清雅,http://www.521609.com/daxuexiaohua/9420.html,http://www.521609.com/uploads/allimg/110607/10Z5124159-1-lp.jpg
重庆理工大学郑欣蕾,http://www.521609.com/daxuexiaohua/9380.html,http://www.521609.com/uploads/allimg/110603/105164WW1-1-lp.jpg
聊城大学牛熠萱,http://www.521609.com/daxuexiaohua/9253.html,http://www.521609.com/uploads/allimg/110529/100434121Z-1-lp.jpg
西南大学杨筱璐,http://www.521609.com/daxuexiaohua/9202.html,http://www.521609.com/uploads/allimg/110526/11303251014-1-lp.jpg
北京现代音乐学院薇翎,http://www.521609.com/daxuexiaohua/9198.html,http://www.521609.com/uploads/allimg/110525/11642564119-1-lp.jpg
 中央财经大学汪紫轩 ,http://www.521609.com/daxuexiaohua/9130.html,http://www.521609.com/uploads/allimg/110523/1094P02N1-2.jpg
沈阳师范大学张慧琦,http://www.521609.com/daxuexiaohua/9112.html,http://www.521609.com/uploads/allimg/110520/11029419592-1-lp.jpg
 北京电影学院杨若辰 ,http://www.521609.com/daxuexiaohua/9021.html,http://www.521609.com/uploads/allimg/110514/1091243N03-3.jpg
湖南商学院校花袁鹰,http://www.521609.com/daxuexiaohua/8780.html,http://www.521609.com/uploads/allimg/110503/11601426006-1.jpg
南京大学法学院玉梦贤,http://www.521609.com/daxuexiaohua/8573.html,http://www.521609.com/uploads/allimg/110418/10210423405-1-lp.jpg
 浙江大学校花韩瑶 ,http://www.521609.com/daxuexiaohua/8093.html,http://www.521609.com/uploads/110320/1_105002153.jpg
 珠海外经贸学院邓佩芝 ,http://www.521609.com/daxuexiaohua/7688.html,http://www.521609.com/uploads/110218/1_151219519.jpg
江苏苏州音乐学院校花张玉,http://www.521609.com/daxuexiaohua/7686.html,http://www.521609.com/uploads/110218/1_145544448.jpg
 清华大学林小雅 ,http://www.521609.com/daxuexiaohua/7373.html,http://www.521609.com/uploads/110116/1_222950420.jpg
 中国计量学院校花沈琳莉 ,http://www.521609.com/daxuexiaohua/6731.html,http://www.521609.com/uploads/101127/1_125451b4.jpg
 北京电影学院校花夏馨雨 ,http://www.521609.com/daxuexiaohua/6612.html,http://www.521609.com/uploads/101120/1_014R6136.jpg
上海师大天华学院校花苗文,http://www.521609.com/daxuexiaohua/6558.html,http://www.521609.com/uploads/litimg/101110/16111416414.jpg
北京演艺专修学院校花盛若,http://www.521609.com/daxuexiaohua/6489.html,http://www.521609.com/uploads/litimg/101022/14125G1U6.jpg
厦门工商旅游学院校花李瑜,http://www.521609.com/daxuexiaohua/6448.html,http://www.521609.com/uploads/litimg/101013/152HG33V.jpg
南京钟山学院校花王晓丹,http://www.521609.com/daxuexiaohua/6447.html,http://www.521609.com/uploads/litimg/101012/1153111P60.jpg
80后新锐校花王力可,http://www.521609.com/daxuexiaohua/6429.html,http://www.521609.com/uploads/litimg/101011/1032541Wa.jpg
北影电眼校花王子子,http://www.521609.com/daxuexiaohua/6428.html,http://www.521609.com/uploads/litimg/101008/094HQ2162.jpg
中戏曾泳醍,http://www.521609.com/daxuexiaohua/6411.html,http://www.521609.com/uploads/litimg/101006/11100313O1.jpg
中央美术学院胡译文,http://www.521609.com/daxuexiaohua/6374.html,http://www.521609.com/uploads/100926/1_131312456.jpg
安徽大学吴瑶,http://www.521609.com/daxuexiaohua/6348.html,http://www.521609.com/uploads/100920/1_163U0229.jpg
南充师院美女周璟,http://www.521609.com/daxuexiaohua/6344.html,http://www.521609.com/uploads/litimg/100918/2233351I23.jpg
深圳大学陈妮,http://www.521609.com/daxuexiaohua/6331.html,http://www.521609.com/uploads/litimg/100915/13514Qa02.jpg
北影超清纯美女校花李梦,http://www.521609.com/daxuexiaohua/6326.html,http://www.521609.com/uploads/litimg/100913/12293913W9.jpg
台北师大林逸欣 ,http://www.521609.com/daxuexiaohua/6320.html,http://www.521609.com/uploads/litimg/100911/20433G43G.jpg
北影顶级养眼校花,http://www.521609.com/daxuexiaohua/6312.html,http://www.521609.com/uploads/100910/1_105042407.jpg
中国传媒大学赵涵朵,http://www.521609.com/daxuexiaohua/6309.html,http://www.521609.com/uploads/litimg/100909/11131214H5.jpg
广东工业大学颜佩佩,http://www.521609.com/daxuexiaohua/6307.html,http://www.521609.com/uploads/litimg/100909/110U312Z4.jpg
北京电影学院韩一菲,http://www.521609.com/daxuexiaohua/6273.html,http://www.521609.com/uploads/100903/1_10564T49.jpg
西南大学赵晓颖,http://www.521609.com/daxuexiaohua/6249.html,http://www.521609.com/uploads/litimg/100831/1439431A04.jpg
皖南医学院柳以以,http://www.521609.com/daxuexiaohua/6237.html,http://www.521609.com/uploads/litimg/100829/111546155E.jpg
中央民族大学安雅,http://www.521609.com/daxuexiaohua/6236.html,http://www.521609.com/uploads/litimg/100827/111243155E.jpg
2010最美校花,http://www.521609.com/daxuexiaohua/6226.html,http://www.521609.com/uploads/litimg/100825/1402151L48.jpg
武汉大学钟华玲,http://www.521609.com/daxuexiaohua/6194.html,http://www.521609.com/uploads/litimg/100820/13242112537.jpg
四川大学罗丹媚,http://www.521609.com/daxuexiaohua/6193.html,http://www.521609.com/uploads/litimg/100819/10432212A7.jpg
中国海洋大学徐洪雷,http://www.521609.com/daxuexiaohua/6191.html,http://www.521609.com/uploads/litimg/100817/1113431D23.jpg
中央戏剧学院吴亚桥,http://www.521609.com/daxuexiaohua/6190.html,http://www.521609.com/uploads/litimg/100815/0J10GE32.jpg
北京舞蹈学院校花李雪,http://www.521609.com/daxuexiaohua/6167.html,http://www.521609.com/uploads/litimg/100805/103K415P3.jpg
沈阳体育学院美女校花,http://www.521609.com/daxuexiaohua/6088.html,http://www.521609.com/uploads/litimg/100727/00501G2538.jpg
中央民族大学林清,http://www.521609.com/daxuexiaohua/6067.html,http://www.521609.com/uploads/litimg/100724/00345015N4.jpg
四川外语学院国际部蒙坤琪,http://www.521609.com/daxuexiaohua/6052.html,http://www.521609.com/uploads/litimg/100720/00330113051.jpg
重庆交通大学刘橙橙,http://www.521609.com/daxuexiaohua/6049.html,http://www.521609.com/uploads/litimg/100719/0016091G58.jpg
温州广播电视大学陈若男,http://www.521609.com/daxuexiaohua/6046.html,http://www.521609.com/uploads/litimg/100717/01413511525.jpg
沈阳音乐学院王宇昕,http://www.521609.com/daxuexiaohua/6042.html,http://www.521609.com/uploads/litimg/100716/0012351a53.jpg
丽水学院倪伟月,http://www.521609.com/daxuexiaohua/6038.html,http://www.521609.com/uploads/litimg/100715/0023531Q59.jpg
广西大学陈熙,http://www.521609.com/daxuexiaohua/6032.html,http://www.521609.com/uploads/litimg/100712/0100151O45.jpg
北京语言大学唐静,http://www.521609.com/daxuexiaohua/6030.html,http://www.521609.com/uploads/litimg/100711/0043091B10.jpg
上海海事大学校花陈乃娴,http://www.521609.com/daxuexiaohua/6026.html,http://www.521609.com/uploads/100709/1_005229301.jpg
天津师大校花郭美汐,http://www.521609.com/daxuexiaohua/6002.html,http://www.521609.com/uploads/litimg/100706/00255GH46.jpg
西安交大慕容雪,http://www.521609.com/daxuexiaohua/6001.html,http://www.521609.com/uploads/litimg/100705/00310412093.jpg
华中师范大学泰美丽,http://www.521609.com/daxuexiaohua/6000.html,http://www.521609.com/uploads/litimg/100705/002440121F.jpg
北京师范大学珠海分校陈玲,http://www.521609.com/daxuexiaohua/5999.html,http://www.521609.com/uploads/litimg/100704/0146321W95.jpg
成都大学裴怡雅,http://www.521609.com/daxuexiaohua/5997.html,http://www.521609.com/uploads/litimg/100703/0KQ5154H.jpg
上海戏剧学院冯倩,http://www.521609.com/daxuexiaohua/5993.html,http://www.521609.com/uploads/litimg/100702/00160G3I6.jpg
武汉科技大学中南分校盛江,http://www.521609.com/daxuexiaohua/5989.html,http://www.521609.com/uploads/litimg/100701/00515014b3.jpg
苏州大学谢洛颐,http://www.521609.com/daxuexiaohua/5988.html,http://www.521609.com/uploads/litimg/100701/00451G92J.jpg
中山大学李梅,http://www.521609.com/daxuexiaohua/5958.html,http://www.521609.com/uploads/litimg/100628/01244315314.jpg
上海戏剧学院邱薇薇,http://www.521609.com/daxuexiaohua/5948.html,http://www.521609.com/uploads/litimg/100626/0033391N24.jpg
成都大学王颖茹,http://www.521609.com/daxuexiaohua/5944.html,http://www.521609.com/uploads/litimg/100625/003H315640.jpg
广东技术师范学院吴思瑾,http://www.521609.com/daxuexiaohua/5942.html,http://www.521609.com/uploads/litimg/100625/00255QM10.jpg
台湾大学凌彩妮,http://www.521609.com/daxuexiaohua/5940.html,http://www.521609.com/uploads/litimg/100624/002T415646.jpg
中央美术学院刘凯捷,http://www.521609.com/daxuexiaohua/5935.html,http://www.521609.com/uploads/litimg/100623/00311115L2.jpg
华中师范大学余佳佳,http://www.521609.com/daxuexiaohua/5918.html,http://www.521609.com/uploads/litimg/100622/0012541MW.jpg
上海戏剧学院混血校花伊丽,http://www.521609.com/daxuexiaohua/5903.html,http://www.521609.com/uploads/litimg/100619/0011161PY.jpg
浙大校花清纯校花,http://www.521609.com/daxuexiaohua/5883.html,http://www.521609.com/uploads/litimg/100617/0033141aI.jpg
广州体育学院唐扬,http://www.521609.com/daxuexiaohua/5881.html,http://www.521609.com/uploads/litimg/100616/00593613A1.jpg
辽宁师范大学白璐,http://www.521609.com/daxuexiaohua/5880.html,http://www.521609.com/uploads/litimg/100615/00300413Y8.jpg
大连外国语学院刘美荣,http://www.521609.com/daxuexiaohua/5878.html,http://www.521609.com/uploads/litimg/100614/001F512W8.jpg
四川音乐学院文青,http://www.521609.com/daxuexiaohua/5870.html,http://www.521609.com/uploads/litimg/100612/00114Q6148.jpg
北影上戏中戏十大绝美校花,http://www.521609.com/daxuexiaohua/5867.html,http://www.521609.com/uploads/litimg/100611/013243110a.jpg
北影校花景田,http://www.521609.com/daxuexiaohua/5864.html,http://www.521609.com/uploads/100610/1_001QA22.jpg
中央音乐学院王晓航,http://www.521609.com/daxuexiaohua/5862.html,http://www.521609.com/uploads/litimg/100609/1203241I61.jpg
全国校花大赛冠军,http://www.521609.com/daxuexiaohua/5861.html,http://www.521609.com/uploads/100609/1_113K9524.jpg
北京舞蹈学院赵婷,http://www.521609.com/daxuexiaohua/5840.html,http://www.521609.com/uploads/litimg/100608/01333115Z1.jpg
上海师范大学清爽可爱校花,http://www.521609.com/daxuexiaohua/5836.html,http://www.521609.com/uploads/100607/1_002R1405.jpg
绵阳师范学院熊宁,http://www.521609.com/daxuexiaohua/5823.html,http://www.521609.com/uploads/litimg/100604/001T019520.jpg
京舞蹈学院李欣聪,http://www.521609.com/daxuexiaohua/5816.html,http://www.521609.com/uploads/litimg/100602/03062913057.jpg
安徽工业大学杨洋,http://www.521609.com/daxuexiaohua/5805.html,http://www.521609.com/uploads/litimg/100601/203I21M44.jpg
山东政法学院吴丹,http://www.521609.com/daxuexiaohua/5793.html,http://www.521609.com/uploads/litimg/100531/15302GC44.jpg
安徽农业大学郭郭,http://www.521609.com/daxuexiaohua/5789.html,http://www.521609.com/uploads/allimg/100525/11U235HE-1-lp.jpg
天津美术学院权一凡,http://www.521609.com/daxuexiaohua/5788.html,http://www.521609.com/uploads/allimg/100525/11U0515454-1-lp.jpg
中国刑警学院王吉儿,http://www.521609.com/daxuexiaohua/5783.html,http://www.521609.com/uploads/allimg/100524/1193A2T92-1-lp.jpg
上海交通职业学院孙依宁,http://www.521609.com/daxuexiaohua/5782.html,http://www.521609.com/uploads/allimg/100524/11935094Z7-1-lp.jpg
清华大学程林,http://www.521609.com/daxuexiaohua/5780.html,http://www.521609.com/uploads/allimg/100521/122094US0-1-lp.jpg
山东艺术学院杜鹃,http://www.521609.com/daxuexiaohua/5773.html,http://www.521609.com/uploads/allimg/100520/120221JU6-1-lp.jpg
华南师范大学法学系顾盼,http://www.521609.com/daxuexiaohua/5771.html,http://www.521609.com/uploads/allimg/100519/109161195a-1-lp.jpg
现代音乐学院赵斯瑶,http://www.521609.com/daxuexiaohua/5768.html,http://www.521609.com/uploads/allimg/100518/11225121102-1-lp.jpg
河北理工大学李菲菲,http://www.521609.com/daxuexiaohua/5767.html,http://www.521609.com/uploads/allimg/100518/112231VF2-1-lp.jpg
南方医科大学章莹,http://www.521609.com/daxuexiaohua/5765.html,http://www.521609.com/uploads/allimg/100517/112323QB9-1-lp.jpg
四川音乐学院荘淑涵,http://www.521609.com/daxuexiaohua/5759.html,http://www.521609.com/uploads/allimg/100515/11355491153-1-lp.jpg
广东华南理工大学张小雅,http://www.521609.com/daxuexiaohua/5758.html,http://www.521609.com/uploads/allimg/100515/113145HW9-1-lp.jpg
江西师大小菡,http://www.521609.com/plus/view.php?aid=5754,http://www.521609.com/uploads/allimg/100514/11411445517-1-lp.jpg
渤海大学陆莹,http://www.521609.com/daxuexiaohua/5750.html,http://www.521609.com/uploads/allimg/100513/1195K4Y27-1-lp.jpg
天津科技大学金贝贝,http://www.521609.com/daxuexiaohua/5741.html,http://www.521609.com/uploads/allimg/100511/114521NK3-1-lp.jpg
南海艺高杨铭,http://www.521609.com/daxuexiaohua/5734.html,http://www.521609.com/uploads/allimg/100510/11411244308-1-lp.jpg
中国传媒大学孙派,http://www.521609.com/daxuexiaohua/5733.html,http://www.521609.com/uploads/allimg/100509/12049313T3-1-lp.jpg
四川音乐学院夏爱熙,http://www.521609.com/daxuexiaohua/5731.html,http://www.521609.com/uploads/allimg/100508/10T35U2U-1-lp.jpg
重庆大学甄淋,http://www.521609.com/daxuexiaohua/5729.html,http://www.521609.com/uploads/allimg/100508/10T1431045-1-lp.jpg
中国矿业大学李琳,http://www.521609.com/daxuexiaohua/5727.html,http://www.521609.com/uploads/allimg/100506/10U332X41-1-lp.jpg
沈阳体育学院陈宣彤,http://www.521609.com/daxuexiaohua/5725.html,http://www.521609.com/uploads/allimg/100505/11JJ63533-1-lp.jpg
南京审计学院朱睿,http://www.521609.com/daxuexiaohua/5722.html,http://www.521609.com/uploads/allimg/100504/110034055E-1-lp.jpg
西安外国语大学李瑾,http://www.521609.com/daxuexiaohua/5721.html,http://www.521609.com/uploads/allimg/100504/109594S360-1-lp.jpg
江西师范大学王文婷,http://www.521609.com/daxuexiaohua/5720.html,http://www.521609.com/uploads/allimg/100504/1095K33M6-1-lp.jpg
湖南工业苑苑,http://www.521609.com/daxuexiaohua/5719.html,http://www.521609.com/uploads/allimg/100503/123320HA4-1-lp.jpg
西北师范大学张艺梦,http://www.521609.com/daxuexiaohua/5718.html,http://www.521609.com/uploads/allimg/100503/123302b645-1-lp.jpg
长春工大王琮,http://www.521609.com/daxuexiaohua/5715.html,http://www.521609.com/uploads/allimg/100502/11945231N9-1-lp.jpg
中国民航大学赵星媛,http://www.521609.com/daxuexiaohua/5714.html,http://www.521609.com/uploads/allimg/100502/1194313H26-1-lp.jpg
四川师范大学稀饭,http://www.521609.com/daxuexiaohua/5712.html,http://www.521609.com/uploads/allimg/100501/111051O130-1-lp.jpg
海南师范大学杨丽莹,http://www.521609.com/daxuexiaohua/5705.html,http://www.521609.com/uploads/allimg/100429/11303495393-1-lp.jpg
四川师范大学何思淇,http://www.521609.com/daxuexiaohua/5702.html,http://www.521609.com/uploads/allimg/100428/10R9152410-1-lp.jpg
上海电影艺术学院王媛媛,http://www.521609.com/daxuexiaohua/5700.html,http://www.521609.com/uploads/allimg/100428/10R52A301-1-lp.jpg
武汉生物工程学院陈梦莲,http://www.521609.com/daxuexiaohua/5683.html,http://www.521609.com/uploads/allimg/100427/10910152544-1-lp.jpg
中央戏剧学院耿文跃,http://www.521609.com/daxuexiaohua/5664.html,http://www.521609.com/uploads/allimg/100426/10934503544-1-lp.jpg
清华大学徐雅芝,http://www.521609.com/daxuexiaohua/5663.html,http://www.521609.com/uploads/allimg/100426/10932541910-1-lp.jpg
四川师范大学刘婕,http://www.521609.com/daxuexiaohua/5662.html,http://www.521609.com/uploads/allimg/100426/109320924F-1-lp.jpg
辽宁师范大学朱家女,http://www.521609.com/daxuexiaohua/5661.html,http://www.521609.com/uploads/allimg/100425/1094H0O54-1-lp.jpg
湖南师范大学张璐,http://www.521609.com/daxuexiaohua/5634.html,http://www.521609.com/uploads/allimg/100422/10039153I8-1-lp.jpg
沈阳东北大学黄颖,http://www.521609.com/daxuexiaohua/5632.html,http://www.521609.com/uploads/allimg/100422/10035519332-1-lp.jpg
湖南科技学院李月娟,http://www.521609.com/daxuexiaohua/5630.html,http://www.521609.com/uploads/allimg/100421/12012063Q2-1-lp.jpg
福建师范大学郑君仪,http://www.521609.com/daxuexiaohua/5629.html,http://www.521609.com/uploads/allimg/100421/120101135U-1-lp.jpg
北京电影学院景甜,http://www.521609.com/daxuexiaohua/5626.html,http://www.521609.com/uploads/allimg/100421/1000H53313-1-lp.jpg
天津中医药大学刘馨月,http://www.521609.com/daxuexiaohua/5624.html,http://www.521609.com/uploads/allimg/100421/100040AE1-1-lp.jpg
北京现代音乐学院汤雪,http://www.521609.com/daxuexiaohua/5623.html,http://www.521609.com/uploads/allimg/100420/10K4309522-1-lp.jpg
中央民族大学龙一欣,http://www.521609.com/daxuexiaohua/5622.html,http://www.521609.com/uploads/allimg/100420/10J952a46-1-lp.jpg
江西航空职业学院封婧亦,http://www.521609.com/daxuexiaohua/5621.html,http://www.521609.com/uploads/allimg/100420/10J60b250-1-lp.jpg
上海电影艺术学院许驰敏,http://www.521609.com/daxuexiaohua/5620.html,http://www.521609.com/uploads/allimg/100420/10J5003638-1-lp.jpg
江西现代学院韦思宇,http://www.521609.com/daxuexiaohua/5613.html,http://www.521609.com/uploads/allimg/100419/1015TO035-1-lp.jpg
中国地质大学曾雨秋,http://www.521609.com/daxuexiaohua/5611.html,http://www.521609.com/uploads/allimg/100419/101554X414-1-lp.jpg
内江师范学院杨洋,http://www.521609.com/daxuexiaohua/5610.html,http://www.521609.com/uploads/allimg/100419/10154444Z6-1-lp.jpg
安徽大学陈平平,http://www.521609.com/daxuexiaohua/5607.html,http://www.521609.com/uploads/allimg/100418/10133412246-1-lp.jpg
广东海洋大学倪珍,http://www.521609.com/daxuexiaohua/5605.html,http://www.521609.com/images/defaultpic.gif
长春工程学院刘娜,http://www.521609.com/daxuexiaohua/5604.html,http://www.521609.com/uploads/allimg/100418/1012SVC0-1-lp.jpg
北京师范大学杨钰,http://www.521609.com/daxuexiaohua/5603.html,http://www.521609.com/uploads/allimg/100418/10126145U0-1-lp.jpg
清华大学赵敏,http://www.521609.com/daxuexiaohua/5576.html,http://www.521609.com/uploads/allimg/100417/11139401040-1-lp.jpg
北京理工大学薛珊,http://www.521609.com/daxuexiaohua/5572.html,http://www.521609.com/uploads/allimg/100416/1161H3VJ-1-lp.jpg
长沙航空职业学院姜航,http://www.521609.com/daxuexiaohua/5571.html,http://www.521609.com/uploads/allimg/100416/116160Qa8-1-lp.jpg
深圳大学韩乐乐,http://www.521609.com/daxuexiaohua/5570.html,http://www.521609.com/uploads/allimg/100416/1161523N11-1-lp.jpg
山东大学蓝梦琪,http://www.521609.com/daxuexiaohua/5569.html,http://www.521609.com/uploads/allimg/100416/1161402N64-1-lp.jpg
福建师范大学陈默,http://www.521609.com/daxuexiaohua/5533.html,http://www.521609.com/uploads/allimg/100416/10054156300-1-lp.jpg
长沙医学院聂丹,http://www.521609.com/daxuexiaohua/5509.html,http://www.521609.com/uploads/allimg/100415/1025JQL2-1-lp.jpg
上海海事王晓岚,http://www.521609.com/daxuexiaohua/5506.html,http://www.521609.com/uploads/allimg/100414/10Q3234635-1-lp.jpg
大连外国语学院梁冰,http://www.521609.com/daxuexiaohua/5502.html,http://www.521609.com/uploads/allimg/100414/10P6364116-1-lp.jpg
浙江大学慕容雪,http://www.521609.com/daxuexiaohua/5493.html,http://www.521609.com/uploads/allimg/100413/1094F213V-1-lp.jpg
广东科贸职业学院佘健琳,http://www.521609.com/daxuexiaohua/5491.html,http://www.521609.com/uploads/allimg/100413/10942044N9-1-lp.jpg
北京师范大学杨洁,http://www.521609.com/daxuexiaohua/5490.html,http://www.521609.com/uploads/allimg/100413/1094002E07-1-lp.jpg
广西师范学院杜昕,http://www.521609.com/daxuexiaohua/5484.html,http://www.521609.com/uploads/allimg/100412/11125402325-1-lp.jpg
天津师范大学石玲,http://www.521609.com/daxuexiaohua/5481.html,http://www.521609.com/uploads/allimg/100412/11119425191-1-lp.jpg
吉林艺术学院王嵩,http://www.521609.com/daxuexiaohua/5477.html,http://www.521609.com/uploads/allimg/100412/111142U644-1-lp.jpg
中国传媒南广学院阮文竞,http://www.521609.com/daxuexiaohua/5475.html,http://www.521609.com/uploads/allimg/100411/120063V394-1-lp.jpg
阜阳师范学院田甜,http://www.521609.com/daxuexiaohua/5473.html,http://www.521609.com/uploads/allimg/100411/12003461953-1-lp.jpg
成都理工大学广播影视学院,http://www.521609.com/daxuexiaohua/5467.html,http://www.521609.com/uploads/allimg/100410/1213Z645A-1-lp.jpg
中国科技管理学院李晓慧,http://www.521609.com/daxuexiaohua/5465.html,http://www.521609.com/uploads/allimg/100410/113342bD0-1-lp.jpg
北京化工大学王小于,http://www.521609.com/daxuexiaohua/5464.html,http://www.521609.com/uploads/allimg/100410/11333224595-1-lp.jpg
湖南师大唐玲,http://www.521609.com/daxuexiaohua/5463.html,http://www.521609.com/uploads/allimg/100410/11332246042-1-lp.jpg
中国传媒大学校花彭佳（校,http://www.521609.com/daxuexiaohua/5460.html,http://www.521609.com/uploads/userup/653/12FT3R2-3457.jpg
云南大学旅游学院金华丽,http://www.521609.com/daxuexiaohua/5459.html,http://www.521609.com/uploads/allimg/100409/10U04MM5-1-lp.jpg
河北传媒学院王雅雯,http://www.521609.com/daxuexiaohua/5458.html,http://www.521609.com/uploads/allimg/100409/10TZ13436-1-lp.jpg
北京师范大学舒琴,http://www.521609.com/daxuexiaohua/5456.html,http://www.521609.com/uploads/allimg/100409/10T6131F4-1-lp.jpg
湖南人文科技学院黄乾坤,http://www.521609.com/daxuexiaohua/5455.html,http://www.521609.com/uploads/allimg/100409/10T5335c0-1.jpg
沈阳师范大学汪莹,http://www.521609.com/daxuexiaohua/5454.html,http://www.521609.com/uploads/allimg/100409/10T40K632-1-lp.jpg
华中师范大学杨蔚,http://www.521609.com/daxuexiaohua/5453.html,http://www.521609.com/uploads/allimg/100409/10T3215509-1-lp.jpg
中央音乐学院李羽珊,http://www.521609.com/daxuexiaohua/5450.html,http://www.521609.com/uploads/allimg/100408/1011255Z01-1-lp.jpg
北京联合大学赵晓朦,http://www.521609.com/daxuexiaohua/5444.html,http://www.521609.com/uploads/allimg/100407/1015032TV-1-lp.jpg
中国音乐学院南芳,http://www.521609.com/daxuexiaohua/5439.html,http://www.521609.com/uploads/allimg/100407/10140145092-1-lp.jpg
江西城市学院张亚凯,http://www.521609.com/daxuexiaohua/5432.html,http://www.521609.com/uploads/allimg/100406/112013IG4-1-lp.jpg
吉林艺术学院丁小倩,http://www.521609.com/daxuexiaohua/5428.html,http://www.521609.com/uploads/allimg/100405/12021002b3-1-lp.jpg
郑州大学张仰,http://www.521609.com/daxuexiaohua/5427.html,http://www.521609.com/uploads/allimg/100405/1201P2Ec-1-lp.jpg
福建医科大学郭珊珊,http://www.521609.com/daxuexiaohua/5426.html,http://www.521609.com/uploads/allimg/100405/1201505YV-1-lp.jpg
北经贸航空学院Christia,http://www.521609.com/daxuexiaohua/5425.html,http://www.521609.com/uploads/allimg/100405/120135521K-1-lp.jpg
沈阳音乐学院南校区赵之琦,http://www.521609.com/daxuexiaohua/5418.html,http://www.521609.com/uploads/allimg/100404/12056153135-1-lp.jpg
武汉大学王诗玲,http://www.521609.com/daxuexiaohua/5417.html,http://www.521609.com/uploads/allimg/100404/12053333630-1-lp.jpg
延边大学宁馨,http://www.521609.com/daxuexiaohua/5416.html,http://www.521609.com/uploads/allimg/100404/12051229D8-1-lp.jpg
阿肯色州立大学邢舟,http://www.521609.com/daxuexiaohua/5412.html,http://www.521609.com/uploads/allimg/100327/1010T59454-1-lp.jpg
北京大学李娜,http://www.521609.com/daxuexiaohua/5409.html,http://www.521609.com/uploads/allimg/100326/110493114Q-1-lp.jpg
吉林艺术学院田芳,http://www.521609.com/daxuexiaohua/5405.html,http://www.521609.com/uploads/allimg/100325/1014604X19-1-lp.jpg
拉萨尔国际设计学院薛元,http://www.521609.com/daxuexiaohua/5401.html,http://www.521609.com/uploads/allimg/100324/11132023D8-1-lp.jpg
重庆师范大学霍丽,http://www.521609.com/daxuexiaohua/5399.html,http://www.521609.com/uploads/allimg/100324/1112JG4G-1-lp.jpg
江南大学綦梦琳,http://www.521609.com/daxuexiaohua/5395.html,http://www.521609.com/uploads/allimg/100322/1100S14216-1.jpg
南昌大学韩优,http://www.521609.com/daxuexiaohua/5394.html,http://www.521609.com/uploads/allimg/100322/1100H03037-1-lp.jpg
上饶师范学院郑江丽,http://www.521609.com/daxuexiaohua/5384.html,http://www.521609.com/uploads/allimg/100320/102341L011-1-lp.jpg
天津师范大学何娅萌,http://www.521609.com/daxuexiaohua/5381.html,http://www.521609.com/uploads/allimg/100320/10226091H3-1-lp.jpg
华东理工大学陆舒琦,http://www.521609.com/daxuexiaohua/5380.html,http://www.521609.com/uploads/allimg/100320/102243N0L-1-lp.jpg
上海建桥学院尧晓,http://www.521609.com/daxuexiaohua/5379.html,http://www.521609.com/uploads/allimg/100320/10222025149-1-lp.jpg
 北京现代音乐学院叶晓婷 ,http://www.521609.com/daxuexiaohua/5376.html,http://www.521609.com/uploads/allimg/100319/110532M558-1-lp.jpg
厦门大学嘉庚学院牛喆,http://www.521609.com/daxuexiaohua/5369.html,http://www.521609.com/uploads/allimg/100319/11040306331-1-lp.jpg
西南民族大学石怡凡,http://www.521609.com/daxuexiaohua/5364.html,http://www.521609.com/uploads/allimg/100317/111525YI8-1-lp.jpg
 中央民族大学王冉冉 ,http://www.521609.com/daxuexiaohua/5361.html,http://www.521609.com/uploads/allimg/100315/1221I91Z6-1-lp.jpg
 吉林省长春市东北师大梅桢 ,http://www.521609.com/daxuexiaohua/5360.html,http://www.521609.com/uploads/allimg/100315/122152cF2-1-lp.jpg
 四川音乐学院华倩 ,http://www.521609.com/daxuexiaohua/5358.html,http://www.521609.com/uploads/allimg/100315/12212552b0-1-lp.jpg
 宁波海警陈明娥 ,http://www.521609.com/daxuexiaohua/5357.html,http://www.521609.com/uploads/allimg/100315/122114A1Q-1-lp.jpg
南京外国语学校章泽天,http://www.521609.com/daxuexiaohua/5356.html,http://www.521609.com/uploads/allimg/100315/12210195415-1-lp.jpg
浙江传媒学院邵星芸,http://www.521609.com/daxuexiaohua/5351.html,http://www.521609.com/uploads/allimg/100315/1231J11R8-1.jpg
矿业大学林琳,http://www.521609.com/daxuexiaohua/5341.html,http://www.521609.com/uploads/allimg/100315/123204G0J-1.jpg
哈尔滨学院张宇,http://www.521609.com/daxuexiaohua/5318.html,http://www.521609.com/uploads/allimg/091224/1003942TX-1-lp.jpg
沈阳师范大学林珊宏,http://www.521609.com/daxuexiaohua/5301.html,http://www.521609.com/uploads/allimg/091221/11425439E1-1-lp.jpg
北京林业大学刘畅,http://www.521609.com/daxuexiaohua/5285.html,http://www.521609.com/uploads/allimg/091218/1003431A25-1-lp.jpg
星海音乐学院李雪菲,http://www.521609.com/daxuexiaohua/5284.html,http://www.521609.com/uploads/allimg/091218/1003315MO-1-lp.jpg
北京现代音乐学院刘文娜,http://www.521609.com/daxuexiaohua/5283.html,http://www.521609.com/uploads/allimg/091218/10032026001-1-lp.jpg
杭州师范大学张晓莹,http://www.521609.com/daxuexiaohua/5282.html,http://www.521609.com/uploads/allimg/091218/10030464460-1-lp.jpg
沈阳音乐学院李伊然,http://www.521609.com/daxuexiaohua/5268.html,http://www.521609.com/uploads/allimg/091217/1001S2I29-1-lp.jpg
南京工业大学郭晓萍,http://www.521609.com/daxuexiaohua/5204.html,http://www.521609.com/uploads/allimg/091212/10144362T0-1-lp.jpg
联合大学王淼,http://www.521609.com/daxuexiaohua/5165.html,http://www.521609.com/uploads/allimg/091210/11625393a0-1-lp.jpg
华北科技学院闭荣双,http://www.521609.com/daxuexiaohua/5135.html,http://www.521609.com/uploads/allimg/091210/10024191P7-1-lp.jpg
辽宁师范大学白璐,http://www.521609.com/daxuexiaohua/5134.html,http://www.521609.com/uploads/allimg/091210/10022234W9-1-lp.jpg
上海师范大学刘靖,http://www.521609.com/daxuexiaohua/5133.html,http://www.521609.com/uploads/allimg/091210/1001RSU9-1-lp.jpg
中国传媒大学校花Sannu尧,http://www.521609.com/daxuexiaohua/5074.html,http://www.521609.com/uploads/allimg/091202/115533K530-1-lp.jpg
星海音乐学院大二邱莹莹,http://www.521609.com/daxuexiaohua/5008.html,http://www.521609.com/uploads/allimg/091124/11022214416-1-lp.jpg
上海外国语大学倪晓芸,http://www.521609.com/daxuexiaohua/5001.html,http://www.521609.com/uploads/allimg/091123/1131924F13-1-lp.jpg
重庆师范大学余静,http://www.521609.com/daxuexiaohua/5000.html,http://www.521609.com/uploads/allimg/091123/1131Q5ZT-1-lp.jpg
郑州大学本科大二sara,http://www.521609.com/daxuexiaohua/4986.html,http://www.521609.com/uploads/allimg/091122/1145443T27-1-lp.jpg
辽宁警官高等专科学校本科,http://www.521609.com/daxuexiaohua/4984.html,http://www.521609.com/uploads/allimg/091122/1144U26332-1-lp.JPG
湖南科技学院大专大三an -,http://www.521609.com/daxuexiaohua/4983.html,http://www.521609.com/uploads/allimg/091122/1144AcS7-1-lp.jpg
江南大学本科大四小布,http://www.521609.com/daxuexiaohua/4973.html,http://www.521609.com/uploads/allimg/091121/111192a616-1-lp.jpg
青岛职业技术学院韩雪,http://www.521609.com/daxuexiaohua/4972.html,http://www.521609.com/uploads/allimg/091121/1111JT118-1-lp.jpg
北京舞蹈学院刘琳,http://www.521609.com/daxuexiaohua/4929.html,http://www.521609.com/uploads/allimg/091116/1014Z363D-1-lp.jpg
四川师范大学刻薄，如此.,http://www.521609.com/daxuexiaohua/4928.html,http://www.521609.com/uploads/allimg/091116/1014H4M95-1-lp.jpg
多倫多大學電影係校花Kayl,http://www.521609.com/daxuexiaohua/4921.html,http://www.521609.com/uploads/allimg/091115/11202031T4-1-lp.jpg
亞洲大學校花憶憶,http://www.521609.com/daxuexiaohua/4914.html,http://www.521609.com/uploads/allimg/091114/11620044150-1-lp.jpg
輔大哲学系超夢幻系花凱莉,http://www.521609.com/daxuexiaohua/4911.html,http://www.521609.com/uploads/allimg/091114/11613595c7-1-lp.jpg
重庆大学影院校花刘妙,http://www.521609.com/daxuexiaohua/4908.html,http://www.521609.com/uploads/allimg/091113/1124Z1Ra-1-lp.jpg
90后中央民族大学校花侯宇,http://www.521609.com/daxuexiaohua/4907.html,http://www.521609.com/uploads/allimg/091113/112455L641-1-lp.jpg
设计学院美女芷萱清秀写真,http://www.521609.com/daxuexiaohua/4888.html,http://www.521609.com/uploads/allimg/091110/113491A391-1-lp.jpg
北京舞蹈学院曹欣怡,http://www.521609.com/daxuexiaohua/4830.html,http://www.521609.com/uploads/allimg/091031/10931249160-4.jpg
北京舞蹈学院于洋,http://www.521609.com/daxuexiaohua/4829.html,http://www.521609.com/uploads/allimg/091031/1092925W38-1-lp.jpg
华中师范大学沉沉,http://www.521609.com/daxuexiaohua/4826.html,http://www.521609.com/uploads/allimg/091030/102334L636-1-lp.jpg
茵芙:台湾中正大学校花,http://www.521609.com/daxuexiaohua/4792.html,http://www.521609.com/uploads/allimg/091025/10P14VE9-1-lp.jpg
辽宁石油化工大学张思寒,http://www.521609.com/daxuexiaohua/4788.html,http://www.521609.com/uploads/allimg/091024/10942051P1-1-lp.jpg
保定师范专科学校Masquera,http://www.521609.com/daxuexiaohua/4787.html,http://www.521609.com/uploads/allimg/091024/10940259408-1-lp.jpg
四川师范大学明怡,http://www.521609.com/daxuexiaohua/4776.html,http://www.521609.com/uploads/allimg/091023/11131196123-1-lp.jpg
浙江传媒学院Angetina莎,http://www.521609.com/daxuexiaohua/4769.html,http://www.521609.com/uploads/allimg/091022/11152319364-1-lp.jpg
华中师范大学寶-|咻訨苻━,http://www.521609.com/daxuexiaohua/4767.html,http://www.521609.com/uploads/allimg/091022/1114921XZ-1-lp.jpg
重庆师范大学sweet~梦,http://www.521609.com/daxuexiaohua/4766.html,http://www.521609.com/uploads/allimg/091022/1114J95922-1-lp.jpg
南京艺术学院媛媛,http://www.521609.com/daxuexiaohua/4761.html,http://www.521609.com/uploads/allimg/091022/111352MZ3-1-lp.jpg
上海戏剧学院Jessie梓溪,http://www.521609.com/daxuexiaohua/4749.html,http://www.521609.com/uploads/allimg/091019/1094224a54-1-lp.jpg
杭州师范学院莎莎宝贝,http://www.521609.com/daxuexiaohua/4748.html,http://www.521609.com/uploads/allimg/091019/10941231a1-1-lp.jpg
华南师范大学牛妍锦,http://www.521609.com/daxuexiaohua/4747.html,http://www.521609.com/uploads/allimg/091019/109402Mc6-1-lp.jpg
上海音乐学院Cind慧,http://www.521609.com/daxuexiaohua/4746.html,http://www.521609.com/uploads/allimg/091019/1093UEB9-1-lp.jpg
上海音乐学院白雪^ō^靜℡,http://www.521609.com/daxuexiaohua/4745.html,http://www.521609.com/uploads/allimg/091019/1093J01557-1-lp.jpg
让人忘记呼吸的西北工业大,http://www.521609.com/daxuexiaohua/4713.html,http://www.521609.com/uploads/allimg/091017/10Z9501636-1-lp.jpg
复旦大学第一美女赫菲校园,http://www.521609.com/daxuexiaohua/4685.html,http://www.521609.com/uploads/allimg/091013/109424595U-1-lp.jpg
南华大学深邃,http://www.521609.com/daxuexiaohua/4677.html,http://www.521609.com/uploads/allimg/091012/11Q53Y934-1-lp.jpg
徐州师范大学90后校花,http://www.521609.com/daxuexiaohua/4676.html,http://www.521609.com/uploads/allimg/091012/11Q3304191-1-lp.jpg
山东师范大学清纯校花,http://www.521609.com/daxuexiaohua/4092.html,http://www.521609.com/uploads/allimg/090918/11052225362-1-lp.jpg
河北理工大学校花米朵琪Bi,http://www.521609.com/daxuexiaohua/3959.html,http://www.521609.com/uploads/allimg/090915/1092F16119-1-lp.jpg
北京财贸职院07届性感校花,http://www.521609.com/daxuexiaohua/3958.html,http://www.521609.com/uploads/allimg/090915/109254D126-1-lp.jpg
美丽知性的大连校花张阔,http://www.521609.com/daxuexiaohua/3957.html,http://www.521609.com/uploads/allimg/090915/109233E623-1-lp.jpg
大连枫叶国际学校校花王瑞,http://www.521609.com/daxuexiaohua/3956.html,http://www.521609.com/uploads/allimg/090915/10913164P2-1-lp.jpg
西安电影学院校花张璐,http://www.521609.com/daxuexiaohua/3955.html,http://www.521609.com/uploads/allimg/090915/10911404A6-1-lp.jpg
沈阳音乐学院本科班校花毕,http://www.521609.com/daxuexiaohua/3954.html,http://www.521609.com/uploads/allimg/090915/10ZR02V7-1-lp.jpg
武汉大学美女校花,http://www.521609.com/daxuexiaohua/3944.html,http://www.521609.com/uploads/allimg/090913/11000114623-1-lp.jpg
南开大学校花淡雅可人,http://www.521609.com/daxuexiaohua/3943.html,http://www.521609.com/uploads/allimg/090913/1095I33259-1-lp.jpg
浙江传媒学院艺术专业校花,http://www.521609.com/daxuexiaohua/3717.html,http://www.521609.com/uploads/allimg/090824/106004W5D-1-lp.jpg
 小书。 ,http://www.521609.com/daxuexiaohua/3706.html,http://www.521609.com/uploads/userup/250/125091U50-MI.jpg
湖南人文科技学院美女校花,http://www.521609.com/daxuexiaohua/3688.html,http://www.521609.com/uploads/allimg/090821/10053205S9-1-lp.jpg
广西大学的可爱校花高小夏,http://www.521609.com/daxuexiaohua/3650.html,http://www.521609.com/uploads/allimg/090816/111541WH5-1-lp.jpg
云南艺术学院校花徐姗姗,http://www.521609.com/daxuexiaohua/3634.html,http://www.521609.com/uploads/allimg/090812/11U6156418-1-lp.jpg
北京师范大学舞蹈系08届校,http://www.521609.com/daxuexiaohua/3633.html,http://www.521609.com/uploads/allimg/090811/109362b210-1-lp.jpg
传说中的重庆第一校花,http://www.521609.com/daxuexiaohua/3596.html,http://www.521609.com/uploads/allimg/090730/11624064540-1-lp.jpg
中戏表演系系花赵希瑞,http://www.521609.com/daxuexiaohua/3573.html,http://www.521609.com/uploads/allimg/090727/10Q52W258-1-lp.jpg
广西大学校花孙嘉璐,http://www.521609.com/daxuexiaohua/3572.html,http://www.521609.com/uploads/allimg/090727/10Q3503054-1-lp.jpg
浙大美女校花网上人气超旺,http://www.521609.com/daxuexiaohua/3561.html,http://www.521609.com/uploads/allimg/090726/1094SNB7-1-lp.jpg
深圳大学校花首发私房照人,http://www.521609.com/daxuexiaohua/3560.html,http://www.521609.com/uploads/allimg/090726/10946415018-1-lp.jpg
香港中文大学的校花近距离,http://www.521609.com/daxuexiaohua/3536.html,http://www.521609.com/uploads/allimg/090725/1092H53G5-1-lp.jpg
湖南理工大学校花写真,http://www.521609.com/daxuexiaohua/3535.html,http://www.521609.com/uploads/allimg/090725/10926125M7-1-lp.jpg
还在找,http://www.521609.com/daxuexiaohua/3434.html,http://www.521609.com/uploads/userup/101/124LT200-40R.jpg
中央戏剧学院历届校花陈星,http://www.521609.com/daxuexiaohua/3428.html,http://www.521609.com/uploads/allimg/090715/11051494426-1-lp.jpg
西南大学往届校花—李筱依,http://www.521609.com/daxuexiaohua/2762.html,http://www.521609.com/uploads/allimg/090704/1055QC522-1-lp.jpg
西南农业大学往届校花—万,http://www.521609.com/daxuexiaohua/2654.html,http://www.521609.com/uploads/allimg/090701/106111L3I-1-lp.jpg
重庆医科大学往届校花—王,http://www.521609.com/daxuexiaohua/2653.html,http://www.521609.com/uploads/allimg/090701/1060Z0cR-1-lp.jpg
重庆师范大学往届校花—肖,http://www.521609.com/daxuexiaohua/2652.html,http://www.521609.com/uploads/allimg/090701/1060RV2V-1-lp.jpg
重庆工商大学往届校花—刘,http://www.521609.com/daxuexiaohua/2651.html,http://www.521609.com/uploads/allimg/090701/1060H92003-1-lp.jpg
重庆大学往届校花—谢铮,http://www.521609.com/daxuexiaohua/2650.html,http://www.521609.com/uploads/allimg/090701/106063130E-1-lp.jpg
西南政法大学往届校花—刘,http://www.521609.com/daxuexiaohua/2649.html,http://www.521609.com/uploads/allimg/090701/106050C0N-1-lp.jpg
西南师范大学往届校花—韩,http://www.521609.com/daxuexiaohua/2648.html,http://www.521609.com/uploads/allimg/090701/10604191435-2.jpg
四川外语学院往届校花—庄,http://www.521609.com/daxuexiaohua/2647.html,http://www.521609.com/uploads/allimg/090701/10602356130-1.jpg
四川美术学院往届校花—胡,http://www.521609.com/daxuexiaohua/2646.html,http://www.521609.com/uploads/allimg/090701/10601521E2-1.jpg
2009最新四川师范大学文理,http://www.521609.com/daxuexiaohua/2435.html,http://www.521609.com/uploads/allimg/090626/10G052O60-1-lp.jpg
2009最新新疆大学科学技术,http://www.521609.com/daxuexiaohua/2434.html,http://www.521609.com/uploads/allimg/090626/10G01225M-1-lp.jpg
2009最新新疆农业大学科学,http://www.521609.com/daxuexiaohua/2433.html,http://www.521609.com/uploads/allimg/090626/10F95064K-1-lp.jpg
2009最新成都理工大学广播,http://www.521609.com/daxuexiaohua/2432.html,http://www.521609.com/uploads/allimg/090626/10F92461Q-1-lp.jpg
2009最新新疆医科大学厚博,http://www.521609.com/daxuexiaohua/2431.html,http://www.521609.com/uploads/allimg/090626/10FZ1O49-1-lp.jpg
2009最新青海大学昆仑学院,http://www.521609.com/daxuexiaohua/2430.html,http://www.521609.com/uploads/allimg/090626/10FT1V96-1-lp.jpg
石河子大学科技学院2009最,http://www.521609.com/daxuexiaohua/2429.html,http://www.521609.com/uploads/allimg/090626/10FQ33S2-1-lp.jpg
2009最新新疆财经学院商务,http://www.521609.com/daxuexiaohua/2428.html,http://www.521609.com/uploads/allimg/090626/10FJ54a2-1-lp.jpg
安徽建筑工业学院城市建设,http://www.521609.com/daxuexiaohua/2427.html,http://www.521609.com/uploads/allimg/090626/10FHE637-1-lp.jpg
淮北煤炭师范学院信息学院,http://www.521609.com/daxuexiaohua/2426.html,http://www.521609.com/uploads/allimg/090626/10F63454b-1-lp.jpg
安徽工程科技学院机电学院,http://www.521609.com/daxuexiaohua/2425.html,http://www.521609.com/uploads/allimg/090626/10F6029121-1-lp.jpg
安徽财经大学商学院2009最,http://www.521609.com/daxuexiaohua/2424.html,http://www.521609.com/uploads/allimg/090626/10F5164492-1-lp.jpg
安徽工业大学工商学院2009,http://www.521609.com/daxuexiaohua/2423.html,http://www.521609.com/uploads/allimg/090626/10F4215494-1-lp.jpg
安徽医科大学临床医学院20,http://www.521609.com/daxuexiaohua/2422.html,http://www.521609.com/uploads/allimg/090626/10F32330T-1-lp.jpg
安徽农业大学经济技术学院,http://www.521609.com/daxuexiaohua/2421.html,http://www.521609.com/uploads/allimg/090626/10F22YT2-1-lp.jpg
安徽师范大学皖江学院2009,http://www.521609.com/daxuexiaohua/2420.html,http://www.521609.com/uploads/allimg/090626/10F13N4B-1-lp.jpg
安徽大学江淮学院2009最新,http://www.521609.com/daxuexiaohua/2419.html,http://www.521609.com/uploads/allimg/090626/10F1021620-1-lp.jpg
温州大学城市学院2009最新,http://www.521609.com/daxuexiaohua/2418.html,http://www.521609.com/uploads/allimg/090626/10AZ59152-1-lp.jpg
浙江财经学院东方学院2009,http://www.521609.com/daxuexiaohua/2417.html,http://www.521609.com/uploads/allimg/090626/10AQCH9-1-lp.jpg
嘉兴学院南湖学院2009最新,http://www.521609.com/daxuexiaohua/2416.html,http://www.521609.com/uploads/allimg/090626/10AH252N-1-lp.jpg
哈尔滨商业大学广厦学院20,http://www.521609.com/daxuexiaohua/2241.html,http://www.521609.com/uploads/allimg/090622/10554041Q4-1-lp.jpg
河北工程大学科信学院2009,http://www.521609.com/daxuexiaohua/2140.html,http://www.521609.com/uploads/allimg/090620/11021449202-1-lp.jpg
广西中医学院赛恩斯新医药,http://www.521609.com/daxuexiaohua/2139.html,http://www.521609.com/uploads/allimg/090620/11021115Y3-1-lp.jpg
桂林工学院博文管理学院20,http://www.521609.com/daxuexiaohua/2138.html,http://www.521609.com/uploads/allimg/090620/110191E131-1-lp.jpg
广东商学院华商学院2009最,http://www.521609.com/daxuexiaohua/2137.html,http://www.521609.com/uploads/allimg/090620/1101P09194-1-lp.jpg
广东技术师范学院天河学院,http://www.521609.com/daxuexiaohua/2136.html,http://www.521609.com/uploads/allimg/090620/1101621K56-1-lp.jpg
吉林大学珠海学院2009最新,http://www.521609.com/daxuexiaohua/2135.html,http://www.521609.com/uploads/allimg/090620/11014493I2-1-lp.jpg
华南农业大学珠江学院2009,http://www.521609.com/daxuexiaohua/2134.html,http://www.521609.com/uploads/allimg/090620/11010592P8-1-lp.jpg
武汉大学珞珈学院2009最新,http://www.521609.com/daxuexiaohua/2133.html,http://www.521609.com/uploads/allimg/090620/109450UB9-1-lp.jpg
湖南商学院北津学院2009最,http://www.521609.com/daxuexiaohua/2132.html,http://www.521609.com/uploads/allimg/090620/10943551393-1-lp.jpg
湘潭大学兴湘学院2009最新,http://www.521609.com/daxuexiaohua/2131.html,http://www.521609.com/uploads/allimg/090620/10942346348-1-lp.jpg
南华大学船山学院2009最新,http://www.521609.com/daxuexiaohua/2130.html,http://www.521609.com/uploads/allimg/090620/109420bQ1-1-lp.jpg
湖南中医药大学湘杏学院20,http://www.521609.com/daxuexiaohua/2129.html,http://www.521609.com/uploads/allimg/090620/1094102L57-1-lp.jpg
北京师范大学珠海分校2009,http://www.521609.com/daxuexiaohua/2128.html,http://www.521609.com/uploads/allimg/090620/10940036206-1-lp.jpg
武汉工业学院工商学院2009,http://www.521609.com/daxuexiaohua/2110.html,http://www.521609.com/uploads/allimg/090619/10609162517-1-lp.jpg
中南民族大学工商学院2009,http://www.521609.com/daxuexiaohua/2109.html,http://www.521609.com/uploads/allimg/090619/1060Q063S-1-lp.jpg
烟台大学文经学院2009最新,http://www.521609.com/daxuexiaohua/2087.html,http://www.521609.com/uploads/allimg/090618/10630101107-1-lp.jpg
中国海洋大学青岛学院2009,http://www.521609.com/daxuexiaohua/2086.html,http://www.521609.com/uploads/allimg/090618/106291BN3-1-lp.jpg
山东科技大学泰山科技学院,http://www.521609.com/daxuexiaohua/2085.html,http://www.521609.com/uploads/allimg/090618/1062S05437-1-lp.jpg
莱阳农学院海都学院2009最,http://www.521609.com/daxuexiaohua/2084.html,http://www.521609.com/uploads/allimg/090618/1062G3J22-1-lp.jpg
河南理工大学万方科技学院,http://www.521609.com/daxuexiaohua/2083.html,http://www.521609.com/uploads/allimg/090618/10625501310-1-lp.jpg
中原工学院信息商务学院20,http://www.521609.com/daxuexiaohua/2082.html,http://www.521609.com/uploads/allimg/090618/106250XL2-1-lp.jpg
河南师范大学新联学院2009,http://www.521609.com/daxuexiaohua/2081.html,http://www.521609.com/uploads/allimg/090618/106240453c-1-lp.jpg
河南财经学院成功学院2009,http://www.521609.com/daxuexiaohua/2080.html,http://www.521609.com/uploads/allimg/090618/10623062226-1-lp.jpg
河南农业大学华豫学院2009,http://www.521609.com/daxuexiaohua/2079.html,http://www.521609.com/uploads/allimg/090618/106221I014-1-lp.jpg
华中师范大学汉口分校2009,http://www.521609.com/daxuexiaohua/2078.html,http://www.521609.com/uploads/allimg/090618/1062142D09-1-lp.jpg
南昌大学科学技术学院2009,http://www.521609.com/daxuexiaohua/1891.html,http://www.521609.com/uploads/allimg/090613/10HQ14148-1-lp.jpg
华侨大学福建音乐学院2009,http://www.521609.com/daxuexiaohua/1890.html,http://www.521609.com/uploads/allimg/090613/10HK0U43-1-lp.jpg
哈尔滨工业大学华德应用技,http://www.521609.com/daxuexiaohua/1889.html,http://www.521609.com/uploads/allimg/090613/10H6422Y4-1-lp.jpg
哈尔滨理工大学远东学院20,http://www.521609.com/daxuexiaohua/1888.html,http://www.521609.com/uploads/allimg/090613/10H344M56-1-lp.jpg
长春税务学院信息经济学院,http://www.521609.com/daxuexiaohua/1887.html,http://www.521609.com/uploads/allimg/090613/10H2455200-1-lp.jpg
沈阳理工大学应用技术学院,http://www.521609.com/daxuexiaohua/1885.html,http://www.521609.com/uploads/allimg/090613/10H1564605-1-lp.jpg
辽宁师范大学海华学院2009,http://www.521609.com/daxuexiaohua/1884.html,http://www.521609.com/uploads/allimg/090613/10H1243R2-1-lp.jpg
中国医科大学临床医药学院,http://www.521609.com/daxuexiaohua/1883.html,http://www.521609.com/uploads/allimg/090613/10H103Y14-1-lp.jpg
东北财经大学津桥商学院20,http://www.521609.com/daxuexiaohua/1882.html,http://www.521609.com/uploads/allimg/090613/10H0302P4-1-lp.jpg
山西财经大学华商学院2009,http://www.521609.com/daxuexiaohua/1881.html,http://www.521609.com/uploads/allimg/090613/10G9531E4-1-lp.jpg
青岛科技大学2009最新美女,http://www.521609.com/daxuexiaohua/1831.html,http://www.521609.com/uploads/allimg/090612/10IGCV1-1-lp.jpg
安徽新华学院校花,http://www.521609.com/daxuexiaohua/1830.html,http://www.521609.com/uploads/allimg/090612/10I64RD6-1-lp.jpg
大连大学2009最新美女校花,http://www.521609.com/daxuexiaohua/1829.html,http://www.521609.com/uploads/allimg/090612/10I614Y16-1-lp.jpg
武汉科技学院2009美女校花,http://www.521609.com/daxuexiaohua/1828.html,http://www.521609.com/uploads/allimg/090612/10I543W59-1-lp.jpg
石家庄经济学院2009最新美,http://www.521609.com/daxuexiaohua/1827.html,http://www.521609.com/uploads/allimg/090612/10I5016026-1-lp.jpg
烟台南山学院2009最新美女,http://www.521609.com/daxuexiaohua/1826.html,http://www.521609.com/uploads/allimg/090612/10I4329325-1-lp.jpg
辽宁中医学院2009最新美女,http://www.521609.com/daxuexiaohua/1825.html,http://www.521609.com/uploads/allimg/090612/10I3534615-1-lp.jpg
香港浸会大学2009最新美女,http://www.521609.com/daxuexiaohua/1824.html,http://www.521609.com/uploads/allimg/090612/10I3221451-1-lp.jpg
安徽理工大学2009最新美女,http://www.521609.com/daxuexiaohua/1823.html,http://www.521609.com/uploads/allimg/090612/10I24c336-1-lp.jpg
沈阳航空工业学院北方科技,http://www.521609.com/daxuexiaohua/1822.html,http://www.521609.com/uploads/allimg/090611/12054131613-1-lp.jpg
太原理工大学现代科技学院,http://www.521609.com/daxuexiaohua/1821.html,http://www.521609.com/uploads/allimg/090611/120531092O-1-lp.jpg
河北农业大学现代科技学院,http://www.521609.com/daxuexiaohua/1820.html,http://www.521609.com/uploads/allimg/090611/120514213W-1-lp.jpg
华北煤炭医学院冀唐学院20,http://www.521609.com/daxuexiaohua/1819.html,http://www.521609.com/uploads/allimg/090611/12051253393-1-lp.jpg
石家庄铁道学院四方学院20,http://www.521609.com/daxuexiaohua/1818.html,http://www.521609.com/uploads/allimg/090611/12050519A8-1-lp.jpg
河北经贸大学经济管理学院,http://www.521609.com/daxuexiaohua/1817.html,http://www.521609.com/uploads/allimg/090611/1205001C58-1-lp.jpg
河北医科大学临床学院2009,http://www.521609.com/daxuexiaohua/1816.html,http://www.521609.com/uploads/allimg/090611/120492S450-1-lp.jpg
河北师范大学汇华学院2009,http://www.521609.com/daxuexiaohua/1815.html,http://www.521609.com/uploads/allimg/090611/1204Z1H10-1-lp.jpg
河北科技大学理工学院2009,http://www.521609.com/daxuexiaohua/1814.html,http://www.521609.com/uploads/allimg/090611/12021304K9-1-lp.jpg
华北电力大学科技学院2009,http://www.521609.com/daxuexiaohua/1813.html,http://www.521609.com/uploads/allimg/090611/12020113556-1-lp.jpg
西南师范大学育才学院2009,http://www.521609.com/daxuexiaohua/1812.html,http://www.521609.com/uploads/allimg/090611/1201955H30-1-lp.jpg
重庆师范大学涉外商贸学院,http://www.521609.com/daxuexiaohua/1811.html,http://www.521609.com/uploads/allimg/090611/120192462Q-1-lp.jpg
河北理工大学轻工学院2009,http://www.521609.com/daxuexiaohua/1810.html,http://www.521609.com/uploads/allimg/090611/1201UC328-1-lp.jpg
2009最新重庆邮电大学移通,http://www.521609.com/daxuexiaohua/1790.html,http://www.521609.com/uploads/allimg/090610/10U1314636-1-lp.jpg
2009最新重庆工商大学派斯,http://www.521609.com/daxuexiaohua/1789.html,http://www.521609.com/uploads/allimg/090610/10U05R0U-1-lp.jpg
2009最新重庆大学城市科技,http://www.521609.com/daxuexiaohua/1788.html,http://www.521609.com/uploads/allimg/090610/10U0044503-1-lp.jpg
阜阳师范学院信息工程学院,http://www.521609.com/daxuexiaohua/1787.html,http://www.521609.com/uploads/allimg/090610/10T9442293-1-lp.jpg
福建师范大学协和学院2009,http://www.521609.com/daxuexiaohua/1786.html,http://www.521609.com/uploads/allimg/090610/10T92432M-1-lp.jpg
福建师范大学闽南科技学院,http://www.521609.com/daxuexiaohua/1785.html,http://www.521609.com/uploads/allimg/090610/10TU51116-1-lp.jpg
福州大学至诚学院2009最新,http://www.521609.com/daxuexiaohua/1784.html,http://www.521609.com/uploads/allimg/090610/10TP2M20-1-lp.jpg
江西农业大学南昌商学院20,http://www.521609.com/daxuexiaohua/1783.html,http://www.521609.com/uploads/allimg/090610/10T63D208-1-lp.jpg
山东财政学院东方学院2009,http://www.521609.com/daxuexiaohua/1782.html,http://www.521609.com/uploads/allimg/090610/10T5412612-1-lp.jpg
聊城大学东昌学院2009最新,http://www.521609.com/daxuexiaohua/1781.html,http://www.521609.com/uploads/allimg/090610/10T511U63-1-lp.jpg
河南科技学院新科学院2009,http://www.521609.com/daxuexiaohua/1780.html,http://www.521609.com/uploads/allimg/090610/10T44Q091-1-lp.jpg
安阳师范学院人文管理学院,http://www.521609.com/daxuexiaohua/1779.html,http://www.521609.com/uploads/allimg/090610/10T423J16-1-lp.jpg
华中科技大学武昌分校2009,http://www.521609.com/daxuexiaohua/1778.html,http://www.521609.com/uploads/allimg/090610/10T35041F-1.jpg
武汉大学东湖分校2009最新,http://www.521609.com/daxuexiaohua/1777.html,http://www.521609.com/uploads/allimg/090610/10T330Pa-1-lp.jpg
华中科技大学文华学院2009,http://www.521609.com/daxuexiaohua/1776.html,http://www.521609.com/uploads/allimg/090609/1151AE391-1-lp.jpg
中国地质大学江城学院2009,http://www.521609.com/daxuexiaohua/1775.html,http://www.521609.com/uploads/allimg/090609/11456334232-1-lp.jpg
广东工业大学华立学院2009,http://www.521609.com/daxuexiaohua/1774.html,http://www.521609.com/uploads/allimg/090609/11452063P1-1-lp.jpg
2009最新中山大学新华学院,http://www.521609.com/daxuexiaohua/1773.html,http://www.521609.com/uploads/allimg/090609/11451392b5-1-lp.jpg
2009最新华南理工大学广州,http://www.521609.com/daxuexiaohua/1772.html,http://www.521609.com/uploads/allimg/090609/11450109B7-1-lp.jpg
2009最新广东外语外贸大学,http://www.521609.com/daxuexiaohua/1771.html,http://www.521609.com/uploads/allimg/090609/11449401T6-1-lp.jpg
2009最新桂林电子科技大学,http://www.521609.com/daxuexiaohua/1770.html,http://www.521609.com/uploads/allimg/090609/1144RNB8-1-lp.jpg
2009最新广西工学院鹿山学,http://www.521609.com/daxuexiaohua/1769.html,http://www.521609.com/uploads/allimg/090609/1144P12Q5-1-lp.jpg
2009最新广西大学行健文理,http://www.521609.com/daxuexiaohua/1768.html,http://www.521609.com/uploads/allimg/090609/1144IB563-1-lp.jpg
2009最新北京航空航天大学,http://www.521609.com/daxuexiaohua/1767.html,http://www.521609.com/uploads/allimg/090609/1144G03115-1-lp.jpg
2009最新四川外语学院重庆,http://www.521609.com/daxuexiaohua/1766.html,http://www.521609.com/uploads/allimg/090609/11446415249-1-lp.jpg
2009最新海南大学三亚学院,http://www.521609.com/daxuexiaohua/1765.html,http://www.521609.com/uploads/allimg/090609/1144614AE-1-lp.jpg
渤海大学文理学院2009最新,http://www.521609.com/daxuexiaohua/1764.html,http://www.521609.com/uploads/allimg/090609/1144510DR-1-lp.jpg
鞍山科技大学信息技术学院,http://www.521609.com/daxuexiaohua/1763.html,http://www.521609.com/uploads/allimg/090609/11444492647-1-lp.jpg
长春大学旅游学院2009最新,http://www.521609.com/daxuexiaohua/1762.html,http://www.521609.com/uploads/allimg/090609/1143S64423-1-lp.jpg
苏州科技学院天平学院美女,http://www.521609.com/daxuexiaohua/1761.html,http://www.521609.com/uploads/allimg/090609/1143JK1K-1-lp.jpg
同济大学校花,http://www.521609.com/daxuexiaohua/1746.html,http://www.521609.com/uploads/allimg/090606/11Q530JA-1-lp.jpg
暨南大学校花,http://www.521609.com/daxuexiaohua/1745.html,http://www.521609.com/uploads/allimg/090606/11Q50M459-1-lp.jpg
复旦大学校花,http://www.521609.com/daxuexiaohua/1744.html,http://www.521609.com/uploads/allimg/090606/11Q44443Y-1-lp.jpg
东南大学校花,http://www.521609.com/daxuexiaohua/1743.html,http://www.521609.com/uploads/allimg/090606/11Q41L914-1-lp.jpg
北京师范大学校花,http://www.521609.com/daxuexiaohua/1742.html,http://www.521609.com/uploads/allimg/090606/11Q3541349-1-lp.jpg
南京大学校花,http://www.521609.com/daxuexiaohua/1741.html,http://www.521609.com/uploads/allimg/090606/11Q3302557-1-lp.jpg
山东大学校花,http://www.521609.com/daxuexiaohua/1740.html,http://www.521609.com/uploads/allimg/090606/11Q30D502-1-lp.jpg
浙江大学校花,http://www.521609.com/daxuexiaohua/1739.html,http://www.521609.com/uploads/allimg/090606/11Q24260E-1-lp.jpg
天津大学校花,http://www.521609.com/daxuexiaohua/1738.html,http://www.521609.com/uploads/allimg/090606/11Q21WS2-1-lp.jpg
武汉大学校花,http://www.521609.com/daxuexiaohua/1737.html,http://www.521609.com/uploads/allimg/090606/11Q1554A8-1-lp.jpg
武汉大学校花,http://www.521609.com/daxuexiaohua/1733.html,http://www.521609.com/uploads/allimg/090604/1105T151N-1-lp.jpg
华中科技大学校花,http://www.521609.com/daxuexiaohua/1732.html,http://www.521609.com/uploads/allimg/090604/1105QS351-1-lp.jpg
兰州大学校花,http://www.521609.com/daxuexiaohua/1731.html,http://www.521609.com/uploads/allimg/090604/1105J92C5-1-lp.jpg
天津大学校花,http://www.521609.com/daxuexiaohua/1730.html,http://www.521609.com/uploads/allimg/090604/1105H62353-1-lp.jpg
上海交通大学校花,http://www.521609.com/daxuexiaohua/1729.html,http://www.521609.com/uploads/allimg/090604/1105F26060-1-lp.jpg
中国科学技术大学校花,http://www.521609.com/daxuexiaohua/1728.html,http://www.521609.com/uploads/allimg/090604/11056325923-1-lp.jpg
北京理工大学校花,http://www.521609.com/daxuexiaohua/1727.html,http://www.521609.com/uploads/allimg/090604/11055213U0-1-lp.jpg
北京交通大学校花,http://www.521609.com/daxuexiaohua/1726.html,http://www.521609.com/uploads/allimg/090604/11054551911-1-lp.jpg
中国农业大学校花,http://www.521609.com/daxuexiaohua/1725.html,http://www.521609.com/uploads/allimg/090604/1105431YA-1-lp.jpg
中国传媒大学校花,http://www.521609.com/daxuexiaohua/1724.html,http://www.521609.com/uploads/allimg/090604/11054033559-1-lp.jpg
中国人民公安大学校花,http://www.521609.com/daxuexiaohua/1723.html,http://www.521609.com/uploads/allimg/090604/11053364396-1-lp.jpg
大连大学美女校花,http://www.521609.com/daxuexiaohua/1700.html,http://www.521609.com/uploads/allimg/090603/114525a142-1-lp.jpg
辽宁工程技术大学美女校花,http://www.521609.com/daxuexiaohua/1699.html,http://www.521609.com/uploads/allimg/090603/114521361L-1-lp.jpg
沈阳工业大学美女校花,http://www.521609.com/daxuexiaohua/1698.html,http://www.521609.com/uploads/allimg/090603/114513CE9-1-lp.jpg
中国人民大学校花,http://www.521609.com/daxuexiaohua/1688.html,http://www.521609.com/uploads/allimg/090602/12142352S7-1-lp.jpg
新北京理工大学校花,http://www.521609.com/daxuexiaohua/1687.html,http://www.521609.com/uploads/allimg/090602/12142095T0-1-lp.jpg
北京师范大学校花,http://www.521609.com/daxuexiaohua/1686.html,http://www.521609.com/uploads/allimg/090602/121414Q3H-1-lp.jpg
国立北京大学校花,http://www.521609.com/daxuexiaohua/1685.html,http://www.521609.com/uploads/allimg/090602/121412353U-1-lp.jpg
中央军官大学校花,http://www.521609.com/daxuexiaohua/1684.html,http://www.521609.com/uploads/allimg/090602/12141026359-1-lp.jpg
天津医科大学校花,http://www.521609.com/daxuexiaohua/1683.html,http://www.521609.com/uploads/allimg/090602/1214042M95-1-lp.jpg
中国影艺学院校花,http://www.521609.com/daxuexiaohua/1682.html,http://www.521609.com/uploads/allimg/090602/1213ZHO0-1-lp.jpg
北京医科大学校花,http://www.521609.com/daxuexiaohua/1681.html,http://www.521609.com/uploads/allimg/090602/1213T3I09-1-lp.jpg
中央财经大学校花,http://www.521609.com/daxuexiaohua/1676.html,http://www.521609.com/uploads/allimg/090601/11IPT2D-1-lp.jpg
中国协和医科大学校花,http://www.521609.com/daxuexiaohua/1675.html,http://www.521609.com/uploads/allimg/090601/11IJ5c24-1-lp.jpg
中国青年政治学院校花,http://www.521609.com/daxuexiaohua/1674.html,http://www.521609.com/uploads/allimg/090601/11IGV644-1-lp.jpg
中国政法大学校花,http://www.521609.com/daxuexiaohua/1673.html,http://www.521609.com/uploads/allimg/090601/11IA1C02-1-lp.jpg
中央音乐学院校花,http://www.521609.com/daxuexiaohua/1672.html,http://www.521609.com/uploads/allimg/090601/11I62aM1-1-lp.jpg
中国人民大学校花,http://www.521609.com/daxuexiaohua/1671.html,http://www.521609.com/uploads/allimg/090601/11I6046120-1-lp.jpg
中国农业大学校花,http://www.521609.com/daxuexiaohua/1670.html,http://www.521609.com/uploads/allimg/090601/11I5332911-1-lp.jpg
北京航空航天大学校花,http://www.521609.com/daxuexiaohua/1669.html,http://www.521609.com/uploads/allimg/090601/11I50IZ6-1-lp.jpg
江苏大学校花,http://www.521609.com/daxuexiaohua/1663.html,http://www.521609.com/uploads/allimg/090531/116420030b-1-lp.jpg
东北大学校花,http://www.521609.com/daxuexiaohua/1662.html,http://www.521609.com/uploads/allimg/090531/11641034627-1-lp.jpg
湖南大学校花,http://www.521609.com/daxuexiaohua/1661.html,http://www.521609.com/uploads/allimg/090531/11640434229-1-lp.jpg
银川大学校花,http://www.521609.com/daxuexiaohua/1660.html,http://www.521609.com/uploads/allimg/090531/11640053257-1-lp.jpg
南京大学校花,http://www.521609.com/daxuexiaohua/1659.html,http://www.521609.com/uploads/allimg/090531/116393UC3-1-lp.jpg
东海大学校花,http://www.521609.com/daxuexiaohua/1658.html,http://www.521609.com/uploads/allimg/090531/1163U09562-1-lp.jpg
河南大学校花,http://www.521609.com/daxuexiaohua/1657.html,http://www.521609.com/uploads/allimg/090531/1163RBP9-1-lp.jpg
湖北大学校花,http://www.521609.com/daxuexiaohua/1656.html,http://www.521609.com/uploads/allimg/090531/1163J911C-1-lp.jpg
2009最新皖南医学院美女校,http://www.521609.com/daxuexiaohua/1655.html,http://www.521609.com/uploads/allimg/090531/112163524C-1-lp.jpg
四川大学校花,http://www.521609.com/daxuexiaohua/1650.html,http://www.521609.com/uploads/allimg/090528/11ZK463G-1-lp.jpg
华南大学校花,http://www.521609.com/daxuexiaohua/1649.html,http://www.521609.com/uploads/allimg/090528/11ZIID0-1-lp.jpg
昆明理工大学校花,http://www.521609.com/daxuexiaohua/1648.html,http://www.521609.com/uploads/allimg/090528/11ZG11633-1-lp.jpg
江西师范大学校花,http://www.521609.com/daxuexiaohua/1647.html,http://www.521609.com/uploads/allimg/090528/11Z6403251-1-lp.jpg
上海交通大学校花,http://www.521609.com/daxuexiaohua/1646.html,http://www.521609.com/uploads/allimg/090528/11Z6159419-1-lp.jpg
中国人民大学校花,http://www.521609.com/daxuexiaohua/1645.html,http://www.521609.com/uploads/allimg/090528/11Z550aF-1-lp.jpg
华中科技大学校花,http://www.521609.com/daxuexiaohua/1644.html,http://www.521609.com/uploads/allimg/090528/11Z52N1K-1-lp.jpg
宁夏大学校花,http://www.521609.com/daxuexiaohua/1643.html,http://www.521609.com/uploads/allimg/090528/11Z455D23-1-lp.jpg
清华大学校花,http://www.521609.com/daxuexiaohua/1642.html,http://www.521609.com/uploads/allimg/090528/10243404b0-1-lp.jpg
河北师范大学校花,http://www.521609.com/daxuexiaohua/1641.html,http://www.521609.com/uploads/allimg/090528/1024133N31-1-lp.jpg
云南大学校花,http://www.521609.com/daxuexiaohua/1640.html,http://www.521609.com/uploads/allimg/090528/102410G2L-1-lp.jpg
南京大学校花,http://www.521609.com/daxuexiaohua/1639.html,http://www.521609.com/uploads/allimg/090528/10240332414-1-lp.jpg
中国科技大学校花,http://www.521609.com/daxuexiaohua/1638.html,http://www.521609.com/uploads/allimg/090528/10240104319-1-lp.jpg
武汉大学校花,http://www.521609.com/daxuexiaohua/1637.html,http://www.521609.com/uploads/allimg/090528/10239444T9-1-lp.jpg
四川大学校花,http://www.521609.com/daxuexiaohua/1636.html,http://www.521609.com/uploads/allimg/090528/102391114P-1-lp.jpg
云南大学校花,http://www.521609.com/daxuexiaohua/1631.html,http://www.521609.com/uploads/allimg/090526/1204105H22-1-lp.jpg
中国科技大学校花,http://www.521609.com/daxuexiaohua/1630.html,http://www.521609.com/uploads/allimg/090526/12040435556-1-lp.jpg
东北师范大学校花,http://www.521609.com/daxuexiaohua/1629.html,http://www.521609.com/uploads/allimg/090526/12040162526-1-lp.jpg
黑龙江大学校花,http://www.521609.com/daxuexiaohua/1628.html,http://www.521609.com/uploads/allimg/090526/12039516255-1-lp.jpg
中南大学校花,http://www.521609.com/daxuexiaohua/1627.html,http://www.521609.com/uploads/allimg/090526/12039232257-1-lp.jpg
重庆大学校花,http://www.521609.com/daxuexiaohua/1626.html,http://www.521609.com/uploads/allimg/090526/1203U02039-1-lp.jpg
上海外国语大学校花,http://www.521609.com/daxuexiaohua/1625.html,http://www.521609.com/uploads/allimg/090526/1203R61462-1-lp.jpg
河北师范大学校花,http://www.521609.com/daxuexiaohua/1624.html,http://www.521609.com/uploads/allimg/090526/1203K251B-1-lp.jpg
南京大学校花,http://www.521609.com/daxuexiaohua/1617.html,http://www.521609.com/uploads/allimg/090525/11946042H8-1-lp.jpg
四川大学校花,http://www.521609.com/daxuexiaohua/1616.html,http://www.521609.com/uploads/allimg/090525/11945351018-1-lp.jpg
哈尔滨工业大学校花,http://www.521609.com/daxuexiaohua/1615.html,http://www.521609.com/uploads/allimg/090525/119450I447-1-lp.jpg
兰州大学校花,http://www.521609.com/daxuexiaohua/1614.html,http://www.521609.com/uploads/allimg/090525/119443JD5-1-lp.jpg
华中科技大学校花,http://www.521609.com/daxuexiaohua/1613.html,http://www.521609.com/uploads/allimg/090525/1194402SU-1-lp.jpg
浙江大学校花,http://www.521609.com/daxuexiaohua/1612.html,http://www.521609.com/uploads/allimg/090525/11943314344-1-lp.jpg
武汉大学校花,http://www.521609.com/daxuexiaohua/1611.html,http://www.521609.com/uploads/allimg/090525/1193435J21-1-lp.jpg
中国科学技术大学校花,http://www.521609.com/daxuexiaohua/1610.html,http://www.521609.com/uploads/allimg/090525/119321224b-1-lp.jpg
上海交通大学校花,http://www.521609.com/daxuexiaohua/1605.html,http://www.521609.com/uploads/allimg/090524/120452I515-1-lp.jpg
山东大学校花,http://www.521609.com/daxuexiaohua/1604.html,http://www.521609.com/uploads/allimg/090524/1204454O23-1-lp.jpg
武汉大学校花,http://www.521609.com/daxuexiaohua/1603.html,http://www.521609.com/uploads/allimg/090524/12043063P5-1-lp.jpg
兰州大学校花,http://www.521609.com/daxuexiaohua/1602.html,http://www.521609.com/uploads/allimg/090524/120424162M-1-lp.jpg
西安交通大学校花,http://www.521609.com/daxuexiaohua/1601.html,http://www.521609.com/uploads/allimg/090524/1204215E93-1-lp.jpg
华中科技大学校花,http://www.521609.com/daxuexiaohua/1600.html,http://www.521609.com/uploads/allimg/090524/120414B5Y-1-lp.jpg
天津大学校花,http://www.521609.com/daxuexiaohua/1599.html,http://www.521609.com/uploads/allimg/090524/12041243004-1-lp.jpg
中国科学技术大学校花,http://www.521609.com/daxuexiaohua/1598.html,http://www.521609.com/uploads/allimg/090524/12040564551-1-lp.jpg
哈尔滨工业大学,http://www.521609.com/daxuexiaohua/1595.html,http://www.521609.com/uploads/allimg/090523/120064E156-1-lp.jpg
中国科学技术大学,http://www.521609.com/daxuexiaohua/1593.html,http://www.521609.com/uploads/allimg/090523/120053EX8-1-lp.jpg
东南大学校花,http://www.521609.com/daxuexiaohua/1589.html,http://www.521609.com/uploads/allimg/090523/119525HR7-1-lp.jpg
江南大学校花,http://www.521609.com/daxuexiaohua/1588.html,http://www.521609.com/uploads/allimg/090523/1195215KH-1-lp.jpg
清华大学校花,http://www.521609.com/daxuexiaohua/1587.html,http://www.521609.com/uploads/allimg/090523/11951362a7-1-lp.jpg
上海负旦大学校花,http://www.521609.com/daxuexiaohua/1585.html,http://www.521609.com/uploads/allimg/090523/119503620U-1-lp.jpg
南京大学校花,http://www.521609.com/daxuexiaohua/1582.html,http://www.521609.com/uploads/allimg/090523/1194Z4W57-1-lp.jpg
华南理工大学校花,http://www.521609.com/daxuexiaohua/1575.html,http://www.521609.com/uploads/allimg/090522/1160131VT-1-lp.jpg
北京工业大学校花,http://www.521609.com/daxuexiaohua/1574.html,http://www.521609.com/uploads/allimg/090522/11601132U2-1-lp.jpg
吉林大学校花,http://www.521609.com/daxuexiaohua/1573.html,http://www.521609.com/uploads/allimg/090522/116005G5T-1-lp.jpg
江南大学校花,http://www.521609.com/daxuexiaohua/1572.html,http://www.521609.com/uploads/allimg/090522/11600391531-1-lp.jpg
湖北大学校花,http://www.521609.com/daxuexiaohua/1571.html,http://www.521609.com/uploads/allimg/090522/11600203a0-1-lp.jpg
广州大学校花,http://www.521609.com/daxuexiaohua/1570.html,http://www.521609.com/uploads/allimg/090522/115591022R-1-lp.jpg
东南大学校花,http://www.521609.com/daxuexiaohua/1569.html,http://www.521609.com/uploads/allimg/090522/1155S12324-1-lp.jpg
中山大学校花,http://www.521609.com/daxuexiaohua/1565.html,http://www.521609.com/uploads/allimg/090521/11G22260c-1-lp.jpg
天津大学校花,http://www.521609.com/daxuexiaohua/1562.html,http://www.521609.com/uploads/allimg/090521/11F6305240-1-lp.jpg
山东大学校花,http://www.521609.com/daxuexiaohua/1561.html,http://www.521609.com/uploads/allimg/090521/11F5014095-1-lp.jpg
吉林大学校花,http://www.521609.com/daxuexiaohua/1560.html,http://www.521609.com/uploads/allimg/090521/11F3543550-1-lp.jpg
南京大学校花,http://www.521609.com/daxuexiaohua/1559.html,http://www.521609.com/uploads/allimg/090521/11F2313401-1-lp.jpg
复旦大学校花,http://www.521609.com/daxuexiaohua/1558.html,http://www.521609.com/uploads/allimg/090521/11F13B496-1-lp.jpg
上海交通大学校花,http://www.521609.com/daxuexiaohua/1557.html,http://www.521609.com/uploads/allimg/090521/11A941Q03-1-lp.jpg
浙江大学校花,http://www.521609.com/daxuexiaohua/1556.html,http://www.521609.com/uploads/allimg/090521/11AIDA6-1-lp.jpg
徐州矿大校花,http://www.521609.com/daxuexiaohua/1551.html,http://www.521609.com/uploads/allimg/090520/11H44BX8-1-lp.jpg
南京财经大学校花,http://www.521609.com/daxuexiaohua/1550.html,http://www.521609.com/uploads/allimg/090520/11H344M92-1-lp.jpg
东南大学校花,http://www.521609.com/daxuexiaohua/1549.html,http://www.521609.com/uploads/allimg/090520/11H254Y52-1-lp.jpg
南京大学校花,http://www.521609.com/daxuexiaohua/1548.html,http://www.521609.com/uploads/allimg/090520/11H2006233-1-lp.jpg
浙江大学校花,http://www.521609.com/daxuexiaohua/1547.html,http://www.521609.com/uploads/allimg/090520/11H05J136-1-lp.jpg
清华大学校花,http://www.521609.com/daxuexiaohua/1546.html,http://www.521609.com/uploads/allimg/090520/11GSbB9-1-lp.jpg
江南大学校花,http://www.521609.com/daxuexiaohua/1545.html,http://www.521609.com/uploads/allimg/090520/11G53O1c-1-lp.jpg
台湾辅仁大学校花,http://www.521609.com/daxuexiaohua/1538.html,http://www.521609.com/uploads/allimg/090519/11U0451296-1-lp.jpg
同济大学校花,http://www.521609.com/daxuexiaohua/1537.html,http://www.521609.com/uploads/allimg/090519/11T9243628-1-lp.jpg
中国知名大学校花,http://www.521609.com/daxuexiaohua/1536.html,http://www.521609.com/uploads/allimg/090519/11TP43N5-1-lp.jpg
中国知名大学校花,http://www.521609.com/daxuexiaohua/1535.html,http://www.521609.com/uploads/allimg/090519/11S93GU6-1-lp.jpg
云南大学校花,http://www.521609.com/daxuexiaohua/1534.html,http://www.521609.com/uploads/allimg/090519/11SQ0A63-1-lp.jpg
武汉大学校花,http://www.521609.com/daxuexiaohua/1533.html,http://www.521609.com/uploads/allimg/090519/11SI42043-1-lp.jpg
山西师范大学校花,http://www.521609.com/daxuexiaohua/1532.html,http://www.521609.com/uploads/allimg/090519/11SA24215-1-lp.jpg
北京师范大学校花,http://www.521609.com/daxuexiaohua/1531.html,http://www.521609.com/uploads/allimg/090519/11S6055519-1-lp.jpg
中南大学校花,http://www.521609.com/daxuexiaohua/1530.html,http://www.521609.com/uploads/allimg/090519/11S503Ob-1-lp.jpg
浙江大学校花,http://www.521609.com/daxuexiaohua/1519.html,http://www.521609.com/uploads/allimg/090518/1120450F36-1-lp.jpg
上海交大清纯校花,http://www.521609.com/daxuexiaohua/1518.html,http://www.521609.com/uploads/allimg/090518/1120355S32-1-lp.jpg
2009最新通化师范学院美女,http://www.521609.com/daxuexiaohua/1511.html,http://www.521609.com/uploads/allimg/090517/11323115105-1-lp.jpg
2009最新海南医学院美女校,http://www.521609.com/daxuexiaohua/1510.html,http://www.521609.com/uploads/allimg/090517/113212KB4-1-lp.jpg
广州大学校花,http://www.521609.com/daxuexiaohua/1506.html,http://www.521609.com/uploads/allimg/090516/1102F11052-1-lp.jpg
台湾大学校花,http://www.521609.com/daxuexiaohua/1505.html,http://www.521609.com/uploads/allimg/090516/110250032P-1-lp.jpg
北京工业大学校花,http://www.521609.com/daxuexiaohua/1504.html,http://www.521609.com/uploads/allimg/090516/110235054X-1-lp.jpg
清华大学校花,http://www.521609.com/daxuexiaohua/1503.html,http://www.521609.com/uploads/allimg/090516/11023021A8-1-lp.jpg
理工大学校花,http://www.521609.com/daxuexiaohua/1502.html,http://www.521609.com/uploads/allimg/090516/110211c613-1-lp.jpg
武汉大学校花,http://www.521609.com/daxuexiaohua/1501.html,http://www.521609.com/uploads/allimg/090516/1101I44216-1-lp.jpg
同济大学校花,http://www.521609.com/daxuexiaohua/1500.html,http://www.521609.com/uploads/allimg/090516/1101503B13-1-lp.jpg
南京财经大学校花,http://www.521609.com/daxuexiaohua/1499.html,http://www.521609.com/uploads/allimg/090516/110134962R-1-lp.jpg
湖北大学校花,http://www.521609.com/daxuexiaohua/1498.html,http://www.521609.com/uploads/allimg/090516/1101125LE-1-lp.jpg
华南理工大学校花,http://www.521609.com/daxuexiaohua/1497.html,http://www.521609.com/uploads/allimg/090516/109593910X-1-lp.jpg
同济大学校花,http://www.521609.com/daxuexiaohua/1496.html,http://www.521609.com/uploads/allimg/090516/1095202a32-1-lp.jpg
2009华中农业大学美女校花,http://www.521609.com/daxuexiaohua/1454.html,http://www.521609.com/uploads/allimg/090515/119432B919-1-lp.jpg
北京大学历届校花（3）,http://www.521609.com/daxuexiaohua/1453.html,http://www.521609.com/uploads/allimg/090515/1193Gb342-1-lp.jpg
山西师范大学现代文理学院,http://www.521609.com/daxuexiaohua/1423.html,http://www.521609.com/uploads/allimg/090515/10934424B9-1.jpg
太原科技大学华科学院2009,http://www.521609.com/daxuexiaohua/1422.html,http://www.521609.com/uploads/allimg/090515/109342B913-1-lp.jpg
中北大学信息商务学院2009,http://www.521609.com/daxuexiaohua/1421.html,http://www.521609.com/uploads/allimg/090515/10934059342-1-lp.jpg
山西医科大学晋祠学院2009,http://www.521609.com/daxuexiaohua/1420.html,http://www.521609.com/uploads/allimg/090515/109333c1S-1-lp.jpg
山西农业大学信息学院2009,http://www.521609.com/daxuexiaohua/1419.html,http://www.521609.com/uploads/allimg/090515/10933253M5-1-lp.jpg
三峡大学科技学院2009最新,http://www.521609.com/daxuexiaohua/1418.html,http://www.521609.com/uploads/allimg/090515/10931522453-1-lp.jpg
2009华中科技大学美女校花,http://www.521609.com/daxuexiaohua/1410.html,http://www.521609.com/uploads/allimg/090514/11G01M223-1-lp.jpg
2009扬州大学美女校花,http://www.521609.com/daxuexiaohua/1409.html,http://www.521609.com/uploads/allimg/090514/11F922QH-1-lp.jpg
2009最新安徽宿州学院美女,http://www.521609.com/daxuexiaohua/1408.html,http://www.521609.com/uploads/allimg/090514/11FU32J4-1-lp.jpg
2009广东技术师范学院美女,http://www.521609.com/daxuexiaohua/1407.html,http://www.521609.com/uploads/allimg/090514/11FP4MT-1-lp.jpg
2009最新甘肃中医学院美女,http://www.521609.com/daxuexiaohua/1403.html,http://www.521609.com/uploads/allimg/090513/1124GX215-1-lp.jpg
2009最新河南农业大学美女,http://www.521609.com/daxuexiaohua/1402.html,http://www.521609.com/uploads/allimg/090513/1124A3T08-1-lp.jpg
2009广东商学院美女校花,http://www.521609.com/daxuexiaohua/1401.html,http://www.521609.com/uploads/allimg/090513/1124622b38-1-lp.jpg
2009最新西藏大学美女校花,http://www.521609.com/daxuexiaohua/1400.html,http://www.521609.com/uploads/litimg/090513/124150192H.jpg
2009最新山东师范大学美女,http://www.521609.com/daxuexiaohua/1399.html,http://www.521609.com/uploads/allimg/090513/112402E5J-1-lp.jpg
2009西京学院美女校花,http://www.521609.com/daxuexiaohua/1398.html,http://www.521609.com/uploads/allimg/090513/1123U3M17-1-lp.jpg
湖北汽车工业学院科技学院,http://www.521609.com/daxuexiaohua/1396.html,http://www.521609.com/uploads/allimg/090513/111543J554-1-lp.jpg
武汉科技学院外经贸学院20,http://www.521609.com/daxuexiaohua/1395.html,http://www.521609.com/uploads/allimg/090513/1115404Q31-1-lp.jpg
江汉大学文理学院2009最新,http://www.521609.com/daxuexiaohua/1394.html,http://www.521609.com/uploads/allimg/090513/1115324P46-1-lp.jpg
湖北工业大学商贸学院2009,http://www.521609.com/daxuexiaohua/1393.html,http://www.521609.com/uploads/allimg/090513/1115232E35-1-lp.jpg
武汉科技大学城市学院2009,http://www.521609.com/daxuexiaohua/1392.html,http://www.521609.com/uploads/allimg/090513/111514AN1-1-lp.jpg
湖北大学知行学院2009最新,http://www.521609.com/daxuexiaohua/1391.html,http://www.521609.com/uploads/allimg/090513/111495S145-1-lp.jpg
武汉理工大学华夏学院2009,http://www.521609.com/daxuexiaohua/1390.html,http://www.521609.com/uploads/allimg/090513/1114ZB006-1-lp.jpg
福州大学阳光学院2009最新,http://www.521609.com/daxuexiaohua/1389.html,http://www.521609.com/uploads/allimg/090513/10UH61P9-1-lp.jpg
沈阳大学科技工程学院2009,http://www.521609.com/daxuexiaohua/1388.html,http://www.521609.com/uploads/allimg/090513/10U1539313-1-lp.jpg
2009最新贵州大学美女校花,http://www.521609.com/daxuexiaohua/1384.html,http://www.521609.com/uploads/allimg/090512/11TQ9AT-1-lp.jpg
2009最新喀什师范学院美女,http://www.521609.com/daxuexiaohua/1382.html,http://www.521609.com/uploads/allimg/090512/11T512Y40-1-lp.jpg
2009最新湖北民族学院美女,http://www.521609.com/daxuexiaohua/1381.html,http://www.521609.com/uploads/allimg/090512/11T41U053-1-lp.jpg
2009福建中医学院美女校花,http://www.521609.com/daxuexiaohua/1380.html,http://www.521609.com/uploads/allimg/090512/11SQV2M-1-lp.jpg
2009最新毕节学院美女校花,http://www.521609.com/daxuexiaohua/1379.html,http://www.521609.com/uploads/allimg/090512/11S451D12-1-lp.jpg
武汉工程大学邮电与信息工,http://www.521609.com/daxuexiaohua/1378.html,http://www.521609.com/uploads/allimg/090512/11203211535-1-lp.jpg
武汉科技大学中南分校2009,http://www.521609.com/daxuexiaohua/1377.html,http://www.521609.com/uploads/allimg/090512/11201232337-1-lp.jpg
湖北经济学院法商学院2009,http://www.521609.com/daxuexiaohua/1376.html,http://www.521609.com/uploads/allimg/090512/112005QU7-1-lp.jpg
湖北民族学院科技学院2009,http://www.521609.com/daxuexiaohua/1375.html,http://www.521609.com/uploads/allimg/090512/1120004B38-1-lp.jpg
郧阳医学院药护学院2009最,http://www.521609.com/daxuexiaohua/1374.html,http://www.521609.com/uploads/allimg/090512/11159362201-1-lp.jpg
长江大学工程技术学院2009,http://www.521609.com/daxuexiaohua/1373.html,http://www.521609.com/uploads/allimg/090512/1115U412b-1-lp.jpg
湖南师范大学树达学院2009,http://www.521609.com/daxuexiaohua/1372.html,http://www.521609.com/uploads/allimg/090512/1115S11341-1-lp.jpg
湖南农业大学东方科技学院,http://www.521609.com/daxuexiaohua/1371.html,http://www.521609.com/uploads/allimg/090512/10U413D54-1-lp.jpg
襄樊学院理工学院2009最新,http://www.521609.com/daxuexiaohua/1370.html,http://www.521609.com/uploads/allimg/090512/10TFXU2-1-lp.jpg
湖南农业大学东方科技学院,http://www.521609.com/daxuexiaohua/1369.html,http://www.521609.com/uploads/allimg/090511/11I642Y02-1-lp.jpg
长沙理工大学城南学院2009,http://www.521609.com/daxuexiaohua/1368.html,http://www.521609.com/uploads/allimg/090511/11I62E447-1-lp.jpg
湖北师范学院文理学院2009,http://www.521609.com/daxuexiaohua/1367.html,http://www.521609.com/uploads/allimg/090511/11I5262626-1-lp.jpg
华中农业大学楚天学院2009,http://www.521609.com/daxuexiaohua/1366.html,http://www.521609.com/uploads/allimg/090511/11I5116210-1-lp.jpg
山东师范大学历山学院2009,http://www.521609.com/daxuexiaohua/1365.html,http://www.521609.com/uploads/allimg/090510/1142021K95-1-lp.jpg
曲阜师范大学杏坛学院2009,http://www.521609.com/daxuexiaohua/1364.html,http://www.521609.com/uploads/allimg/090510/1141S3FZ-1-lp.jpg
山东经济学院燕山学院2009,http://www.521609.com/daxuexiaohua/1363.html,http://www.521609.com/uploads/allimg/090510/1141GcJ9-1-lp.jpg
青岛理工大学琴岛学院2009,http://www.521609.com/daxuexiaohua/1362.html,http://www.521609.com/uploads/allimg/090510/114152K1A-1-lp.jpg
景德镇陶瓷学院科技艺术学,http://www.521609.com/daxuexiaohua/1361.html,http://www.521609.com/uploads/allimg/090510/114143b5Z-1-lp.jpg
济南大学泉城学院2009最新,http://www.521609.com/daxuexiaohua/1360.html,http://www.521609.com/uploads/allimg/090510/11412233338-1-lp.jpg
赣南师范学院科技学院2009,http://www.521609.com/daxuexiaohua/1359.html,http://www.521609.com/uploads/allimg/090510/114104I2Q-1-lp.jpg
江西中医学院科技学院2009,http://www.521609.com/daxuexiaohua/1358.html,http://www.521609.com/uploads/allimg/090510/114101HB3-1-lp.jpg
南昌航空工业学院科技学院,http://www.521609.com/daxuexiaohua/1357.html,http://www.521609.com/uploads/allimg/090510/1140S933L-1-lp.jpg
华东交通大学理工学院2009,http://www.521609.com/daxuexiaohua/1356.html,http://www.521609.com/uploads/allimg/090510/1140Ga436-1-lp.jpg
江西师范大学科学技术学院,http://www.521609.com/daxuexiaohua/1355.html,http://www.521609.com/uploads/allimg/090510/114061U2N-1-lp.jpg
东华理工学院长江学院2009,http://www.521609.com/daxuexiaohua/1354.html,http://www.521609.com/uploads/allimg/090510/11404401V2-1-lp.jpg
集美大学诚毅学院2009最新,http://www.521609.com/daxuexiaohua/1353.html,http://www.521609.com/uploads/allimg/090510/11402024W2-1-lp.jpg
福建农林大学金山学院2009,http://www.521609.com/daxuexiaohua/1352.html,http://www.521609.com/uploads/allimg/090510/11400562645-1-lp.jpg
贵州鸿源管理工程职业学院,http://www.521609.com/daxuexiaohua/1315.html,http://www.521609.com/uploads/allimg/090508/11952322J4-1-lp.jpg
澳门科技大学美女图片,http://www.521609.com/daxuexiaohua/1295.html,http://www.521609.com/uploads/allimg/090507/11216334109-1-lp.jpg
2009最新中国刑事警察学院,http://www.521609.com/daxuexiaohua/1286.html,http://www.521609.com/uploads/allimg/090507/10T2314233-1-lp.jpg
2009年中国政法大学最新校,http://www.521609.com/daxuexiaohua/1285.html,http://www.521609.com/uploads/allimg/090507/10T20UZ9-1-lp.jpg
2009最新大连医科大学美女,http://www.521609.com/daxuexiaohua/1284.html,http://www.521609.com/uploads/allimg/090507/10T1563D3-1-lp.jpg
2009重庆文理学院美女校花,http://www.521609.com/daxuexiaohua/1283.html,http://www.521609.com/uploads/allimg/090507/10T1024427-1-lp.jpg
2009西安建筑科技大学美女,http://www.521609.com/daxuexiaohua/1282.html,http://www.521609.com/uploads/allimg/090507/10T045F64-1-lp.jpg
2009西南石油学院美女校花,http://www.521609.com/daxuexiaohua/1281.html,http://www.521609.com/uploads/allimg/090507/10T0242U7-1-lp.jpg
2009四川美术学院美女校花,http://www.521609.com/daxuexiaohua/1279.html,http://www.521609.com/uploads/allimg/090507/10S944F53-1-lp.jpg
2009丽水学院美女校花,http://www.521609.com/daxuexiaohua/1278.html,http://www.521609.com/uploads/allimg/090507/10S91Y357-1-lp.jpg
北京大学历届校花（1）,http://www.521609.com/daxuexiaohua/1277.html,http://www.521609.com/uploads/allimg/090507/10SS29448-1-lp.jpg
2009最新长春理工大学美女,http://www.521609.com/daxuexiaohua/1276.html,http://www.521609.com/uploads/allimg/090507/10SR14094-1-lp.jpg
2009西安邮电学院美女校花,http://www.521609.com/daxuexiaohua/1275.html,http://www.521609.com/uploads/allimg/090507/10S6061421-1-lp.jpg
2009广东警官学院美女校花,http://www.521609.com/daxuexiaohua/1274.html,http://www.521609.com/uploads/allimg/090507/10S5526427-1-lp.jpg
2009浙江大学美女校花,http://www.521609.com/daxuexiaohua/1273.html,http://www.521609.com/uploads/allimg/090507/10S520b10-1-lp.jpg
2009最新延边大学美女校花,http://www.521609.com/daxuexiaohua/1272.html,http://www.521609.com/uploads/allimg/090507/10S4525Z2-1-lp.jpg
2009最新唐山学院美女校花,http://www.521609.com/daxuexiaohua/1271.html,http://www.521609.com/uploads/allimg/090507/10S4351c0-1-lp.jpg
2009最新河华北科技学院美,http://www.521609.com/daxuexiaohua/1270.html,http://www.521609.com/uploads/allimg/090507/10S35M249-1-lp.jpg
2009年中国人民公安大学最,http://www.521609.com/daxuexiaohua/1269.html,http://www.521609.com/uploads/allimg/090507/10S32920a-1-lp.jpg
2009最新沈阳医学院美女校,http://www.521609.com/daxuexiaohua/1268.html,http://www.521609.com/uploads/allimg/090507/10S3114529-1-lp.jpg
2009最新内蒙古大学美女校,http://www.521609.com/daxuexiaohua/1267.html,http://www.521609.com/uploads/allimg/090507/10S24910W-1-lp.jpg
2009最新辽宁科技学院美女,http://www.521609.com/daxuexiaohua/1266.html,http://www.521609.com/uploads/allimg/090507/10S2345550-1-lp.jpg
2009最新湖北美术学院美女,http://www.521609.com/daxuexiaohua/1265.html,http://www.521609.com/uploads/allimg/090507/10S20D4D-1-lp.jpg
2009最新宁夏理工学院美女,http://www.521609.com/daxuexiaohua/1264.html,http://www.521609.com/uploads/allimg/090507/10S14D637-1-lp.jpg
2009最新赣南医学院美女校,http://www.521609.com/daxuexiaohua/1263.html,http://www.521609.com/uploads/allimg/090507/10S1251534-1-lp.jpg
2009最新黔南民族师范学院,http://www.521609.com/daxuexiaohua/1262.html,http://www.521609.com/uploads/allimg/090507/10S10IM6-1-lp.jpg
2009年北京工业大学最新校,http://www.521609.com/daxuexiaohua/1261.html,http://www.521609.com/uploads/allimg/090507/10S051Pb-1-lp.jpg
2009最新兰州大学美女校花,http://www.521609.com/daxuexiaohua/1260.html,http://www.521609.com/uploads/allimg/090507/10S00NU7-1-lp.jpg
2009最新石家庄铁道学院美,http://www.521609.com/daxuexiaohua/1259.html,http://www.521609.com/uploads/allimg/090507/10R94V591-1-lp.jpg
2009最新亚洲（澳门）国际,http://www.521609.com/daxuexiaohua/1258.html,http://www.521609.com/uploads/allimg/090507/10R92a591-1-lp.jpg
2009浙江医药高等专科学校,http://www.521609.com/daxuexiaohua/1257.html,http://www.521609.com/uploads/allimg/090507/10RZ95J8-1-lp.jpg
2009常州工学院美女校花,http://www.521609.com/daxuexiaohua/1256.html,http://www.521609.com/uploads/allimg/090507/10RPQ157-1-lp.jpg
2009最新安阳工学院美女校,http://www.521609.com/daxuexiaohua/1255.html,http://www.521609.com/uploads/allimg/090507/10RJ49C2-1-lp.jpg
2009最新大连大学美女校花,http://www.521609.com/daxuexiaohua/1218.html,http://www.521609.com/uploads/allimg/090505/1120Z03206-1-lp.jpg
2009最新吉林医药学院美女,http://www.521609.com/daxuexiaohua/1217.html,http://www.521609.com/uploads/allimg/090505/1120R54A2-1-lp.jpg
2009最新山东工艺美术学院,http://www.521609.com/daxuexiaohua/1216.html,http://www.521609.com/uploads/allimg/090505/1120JQ915-1-lp.jpg
2009最新贵州师范大学美女,http://www.521609.com/daxuexiaohua/1193.html,http://www.521609.com/uploads/allimg/090504/11Q51QC0-1-lp.jpg
2009西昌学院美女校花,http://www.521609.com/daxuexiaohua/1192.html,http://www.521609.com/uploads/allimg/090504/11Q502L60-1-lp.jpg
2009西安财经学院美女校花,http://www.521609.com/daxuexiaohua/1191.html,http://www.521609.com/uploads/allimg/090504/11Q4396001-1-lp.jpg
2009最新白城师范学院美女,http://www.521609.com/daxuexiaohua/1190.html,http://www.521609.com/uploads/allimg/090504/11Q42113S-1-lp.jpg
2009重庆工商大学学美女校,http://www.521609.com/daxuexiaohua/1189.html,http://www.521609.com/uploads/allimg/090504/11Q35Y334-1-lp.jpg
2009衡阳师范学院美女校花,http://www.521609.com/daxuexiaohua/1188.html,http://www.521609.com/uploads/allimg/090504/11Q3401917-1-lp.jpg
2009西南民族大学大学美女,http://www.521609.com/daxuexiaohua/1187.html,http://www.521609.com/uploads/allimg/090504/11Q3259A6-1-lp.jpg
2009最新沈阳工程学院美女,http://www.521609.com/daxuexiaohua/1186.html,http://www.521609.com/uploads/allimg/090504/11QIT213-1.jpg
2009西安工程科技学院美女,http://www.521609.com/daxuexiaohua/1185.html,http://www.521609.com/uploads/allimg/090504/11Q233C04-1-lp.jpg
2009最新廊坊师范学院美女,http://www.521609.com/daxuexiaohua/1184.html,http://www.521609.com/uploads/allimg/090504/11Q2192239-1-lp.jpg
2009最新吉林师范大学美女,http://www.521609.com/daxuexiaohua/1183.html,http://www.521609.com/uploads/allimg/090504/11Q15WW9-1-lp.jpg
2009最新聊城大学美女校花,http://www.521609.com/daxuexiaohua/1182.html,http://www.521609.com/uploads/allimg/090504/11Q1122938-1-lp.jpg
2009最新潍坊学院美女校花,http://www.521609.com/daxuexiaohua/1181.html,http://www.521609.com/uploads/allimg/090504/11Q022U58-1-lp.jpg
2009湖南城市学院美女校花,http://www.521609.com/daxuexiaohua/1180.html,http://www.521609.com/uploads/allimg/090504/11P9326445-1-lp.jpg
2009最新桂林工学院美女校,http://www.521609.com/daxuexiaohua/1179.html,http://www.521609.com/uploads/allimg/090504/11P9125K7-1-lp.jpg
2009最新河中央司法警官学,http://www.521609.com/daxuexiaohua/1178.html,http://www.521609.com/uploads/allimg/090504/11PT43627-1-lp.jpg
2009西华大学美女校花,http://www.521609.com/daxuexiaohua/1177.html,http://www.521609.com/images/defaultpic.gif
2009最新辽宁对外经贸学院,http://www.521609.com/daxuexiaohua/1176.html,http://www.521609.com/uploads/allimg/090504/11PI22145-1-lp.jpg
2009西北工业大学美女校花,http://www.521609.com/daxuexiaohua/1175.html,http://www.521609.com/uploads/allimg/090504/11PG23936-1-lp.jpg
2009最新大庆石油学院美女,http://www.521609.com/daxuexiaohua/1174.html,http://www.521609.com/uploads/allimg/090504/11PA02a3-1-lp.jpg
2009邯郸大学校花最新图片,http://www.521609.com/daxuexiaohua/1173.html,http://www.521609.com/uploads/allimg/090504/11P623a22-1-lp.jpg
2009最新石家庄铁道学院美,http://www.521609.com/daxuexiaohua/1172.html,http://www.521609.com/uploads/allimg/090504/11P54355I-1-lp.jpg
2009最新贵阳中医学院美女,http://www.521609.com/daxuexiaohua/1171.html,http://www.521609.com/uploads/allimg/090504/11P5202156-1-lp.jpg
北京影视学院往届校花照片,http://www.521609.com/daxuexiaohua/1170.html,http://www.521609.com/uploads/allimg/090504/11P421Q39-1-lp.jpg
2009最新河北理工大学美女,http://www.521609.com/daxuexiaohua/1169.html,http://www.521609.com/uploads/allimg/090504/11P4012402-1-lp.jpg
2009最新新疆农业大学美女,http://www.521609.com/daxuexiaohua/1168.html,http://www.521609.com/uploads/allimg/090504/11P314A23-1-lp.jpg
2009最新河中国人民武装警,http://www.521609.com/daxuexiaohua/1167.html,http://www.521609.com/uploads/allimg/090504/11P25D561-1-lp.jpg
2009年北京化工大学最新校,http://www.521609.com/daxuexiaohua/1166.html,http://www.521609.com/uploads/allimg/090504/11P13HR3-1-lp.jpg
2009宝鸡文理学院美女校花,http://www.521609.com/daxuexiaohua/1165.html,http://www.521609.com/uploads/allimg/090504/1115RNY8-1-lp.jpg
2009最新兰州商学院美女校,http://www.521609.com/daxuexiaohua/1164.html,http://www.521609.com/uploads/allimg/090504/1115P3W34-1-lp.jpg
2009最新澳门镜湖护理学院,http://www.521609.com/daxuexiaohua/1163.html,http://www.521609.com/uploads/allimg/090504/1115J24244-1-lp.jpg
2009最新香港科技大学美女,http://www.521609.com/daxuexiaohua/1162.html,http://www.521609.com/uploads/allimg/090504/1115H49601-1-lp.jpg
2009年北京化工大学最新校,http://www.521609.com/daxuexiaohua/1161.html,http://www.521609.com/uploads/allimg/090504/11156494191-1-lp.jpg
2009最新香港城市大学美女,http://www.521609.com/daxuexiaohua/1160.html,http://www.521609.com/uploads/allimg/090504/111561CF9-1-lp.jpg
2009南华大学美女校花,http://www.521609.com/daxuexiaohua/1159.html,http://www.521609.com/uploads/allimg/090504/111555X960-1-lp.jpg
2009最新新疆师范大学美女,http://www.521609.com/daxuexiaohua/1158.html,http://www.521609.com/uploads/allimg/090504/11155395049-1-lp.jpg
2009浙江海洋学院美女校花,http://www.521609.com/daxuexiaohua/1156.html,http://www.521609.com/uploads/allimg/090504/1115515X55-1-lp.jpg
2009湖南科技大学美女校花,http://www.521609.com/daxuexiaohua/1155.html,http://www.521609.com/uploads/allimg/090504/111545591Z-1-lp.jpg
2009西华师范大学美女校花,http://www.521609.com/daxuexiaohua/1154.html,http://www.521609.com/uploads/allimg/090504/11154394404-1-lp.jpg
2009西南科技大学美女校花,http://www.521609.com/daxuexiaohua/1153.html,http://www.521609.com/uploads/allimg/090504/111540L3J-1-lp.jpg
2009最新大庆师范学院美女,http://www.521609.com/daxuexiaohua/1152.html,http://www.521609.com/uploads/allimg/090504/111515513N-1-lp.jpg
2009内江师范学院美女校花,http://www.521609.com/daxuexiaohua/1151.html,http://www.521609.com/uploads/allimg/090504/111513015Q-1-lp.jpg
2009最新山东经济学院美女,http://www.521609.com/daxuexiaohua/1150.html,http://www.521609.com/uploads/allimg/090504/11151062539-1-lp.jpg
2009最新新疆艺术学院美女,http://www.521609.com/daxuexiaohua/1149.html,http://www.521609.com/uploads/allimg/090504/1115040O51-1-lp.jpg
2009最新平顶山学院美女校,http://www.521609.com/daxuexiaohua/1148.html,http://www.521609.com/uploads/allimg/090504/11135435L4-1-lp.jpg
2009最新信阳师范学院美女,http://www.521609.com/daxuexiaohua/1132.html,http://www.521609.com/uploads/allimg/090503/1200140Db-1-lp.jpg
2009最新青岛滨海学院美女,http://www.521609.com/daxuexiaohua/1131.html,http://www.521609.com/uploads/allimg/090503/1200123W54-1-lp.jpg
2009大理学院美女校花,http://www.521609.com/daxuexiaohua/1130.html,http://www.521609.com/uploads/allimg/090503/12000543549-1-lp.jpg
2009年北京体育大学最新校,http://www.521609.com/daxuexiaohua/1129.html,http://www.521609.com/uploads/allimg/090503/12000351196-1-lp.jpg
2009南开大学美女校花,http://www.521609.com/daxuexiaohua/1128.html,http://www.521609.com/uploads/allimg/090503/120001B0Z-1-lp.jpg
2009南京医科大学美女校花,http://www.521609.com/daxuexiaohua/1054.html,http://www.521609.com/uploads/allimg/090429/1162314S37-1-lp.jpg
2009最新曲阜师范大学美女,http://www.521609.com/daxuexiaohua/1052.html,http://www.521609.com/uploads/allimg/090429/111562Q236-1-lp.jpg
2009长沙医学院美女校花,http://www.521609.com/daxuexiaohua/1051.html,http://www.521609.com/uploads/allimg/090429/11156121Y1-1-lp.jpg
2009最新遵义师范学院美女,http://www.521609.com/daxuexiaohua/1050.html,http://www.521609.com/uploads/allimg/090429/1115550S22-1-lp.jpg
2009年北京外国语大学最新,http://www.521609.com/daxuexiaohua/1049.html,http://www.521609.com/uploads/allimg/090429/111552J1D-1-lp.jpg
2009最新河北工程学院美女,http://www.521609.com/daxuexiaohua/1048.html,http://www.521609.com/uploads/allimg/090429/1115513B34-1-lp.jpg
2009西北农林科技大学美女,http://www.521609.com/daxuexiaohua/1047.html,http://www.521609.com/uploads/allimg/090429/111541aN1-1-lp.jpg
2009最新河南中医学院美女,http://www.521609.com/daxuexiaohua/1046.html,http://www.521609.com/uploads/allimg/090429/111535OA4-1-lp.jpg
2009最新皖西学院美女校花,http://www.521609.com/daxuexiaohua/1045.html,http://www.521609.com/uploads/allimg/090429/111531R193-1-lp.jpg
2009最新新乡医学院美女校,http://www.521609.com/daxuexiaohua/1044.html,http://www.521609.com/uploads/allimg/090429/1115104L27-1-lp.jpg
2009最新山西大同大学美女,http://www.521609.com/daxuexiaohua/1043.html,http://www.521609.com/uploads/allimg/090429/11150341112-1-lp.jpg
2009最新国立成功大学美女,http://www.521609.com/daxuexiaohua/1042.html,http://www.521609.com/uploads/allimg/090429/11149535O2-1-lp.jpg
2009年中央财经大学最新校,http://www.521609.com/daxuexiaohua/1040.html,http://www.521609.com/uploads/allimg/090429/1114FA000-1-lp.jpg
2009最新长春工程学院美女,http://www.521609.com/daxuexiaohua/1039.html,http://www.521609.com/uploads/allimg/090429/11146234O9-1-lp.jpg
2009咸阳师范学院美女校花,http://www.521609.com/daxuexiaohua/1038.html,http://www.521609.com/uploads/allimg/090429/111455K0C-1-lp.jpg
2009最新武汉体育学院美女,http://www.521609.com/daxuexiaohua/1037.html,http://www.521609.com/uploads/allimg/090429/111453a046-1-lp.jpg
2009最新河北大学美女校花,http://www.521609.com/daxuexiaohua/1036.html,http://www.521609.com/uploads/allimg/090429/111451a001-1-lp.jpg
2009最新华北电力大学美女,http://www.521609.com/daxuexiaohua/1035.html,http://www.521609.com/uploads/allimg/090429/111450344A-1-lp.jpg
2009延安大学美女校花,http://www.521609.com/daxuexiaohua/1034.html,http://www.521609.com/uploads/allimg/090429/1114444cZ-1-lp.jpg
2009最新天水师范学院美女,http://www.521609.com/daxuexiaohua/1033.html,http://www.521609.com/uploads/allimg/090429/1114420HI-1-lp.jpg
2009最新赣南师范学院美女,http://www.521609.com/daxuexiaohua/1032.html,http://www.521609.com/uploads/allimg/090429/111435R914-1-lp.jpg
2009年中国人民大学最新校,http://www.521609.com/daxuexiaohua/1031.html,http://www.521609.com/uploads/allimg/090429/1114335QG-1-lp.jpg
2009年北京舞蹈学院最新校,http://www.521609.com/daxuexiaohua/1030.html,http://www.521609.com/uploads/allimg/090429/1114313KB-1-lp.jpg
2009最新枣庄学院美女校花,http://www.521609.com/daxuexiaohua/1029.html,http://www.521609.com/uploads/allimg/090429/111424C621-1-lp.jpg
2009武汉科技学院美女校花,http://www.521609.com/daxuexiaohua/1028.html,http://www.521609.com/uploads/allimg/090429/111415Y943-1-lp.jpg
2009华中师范大学美女校花,http://www.521609.com/daxuexiaohua/1012.html,http://www.521609.com/uploads/allimg/090426/1194143cU-1-lp.jpg
2009最新中原工学院美女校,http://www.521609.com/daxuexiaohua/1011.html,http://www.521609.com/uploads/allimg/090426/119412E4c-1-lp.jpg
北京大学最新校花,http://www.521609.com/daxuexiaohua/1010.html,http://www.521609.com/uploads/allimg/090426/11941026356-1-lp.jpg
2009台北师院校花吴育臻最,http://www.521609.com/daxuexiaohua/1009.html,http://www.521609.com/uploads/allimg/090426/11940353529-1-lp.jpg
2009最新广西师范学院美女,http://www.521609.com/daxuexiaohua/1008.html,http://www.521609.com/uploads/allimg/090426/1193R95S9-1-lp.jpg
2009最新湖北警官学院美女,http://www.521609.com/daxuexiaohua/1007.html,http://www.521609.com/uploads/allimg/090426/1193P943D-1-lp.jpg
2009曲靖师范学院美女校花,http://www.521609.com/daxuexiaohua/1006.html,http://www.521609.com/uploads/allimg/090426/1193JSa9-1-lp.jpg
2009最新青海民族学院美女,http://www.521609.com/daxuexiaohua/1005.html,http://www.521609.com/uploads/allimg/090426/1193F53351-1-lp.jpg
2009最新遵义师范学院美女,http://www.521609.com/daxuexiaohua/1004.html,http://www.521609.com/uploads/allimg/090426/1193644O63-1-lp.jpg
